URL,Title,Sub Title,Rating,"Reviews ",Price,Description and Shipping,ASIN,Image URL
,,,4.4 out of 5 stars.|4.6 out of 5 stars.|4.4 out of 5 stars.,,,,,
,,,,,,,,
https://www.amazon.com/sspa/click?ie=UTF8&spc=MTo4Njc0NTY2NDIwNTUyNDA1OjE2Njc5NDYyNzU6c3BfYXRmOjIwMDAzMDExNTQwNDYyMTo6MDo6&sp_csd=d2lkZ2V0TmFtZT1zcF9hdGY&url=%2FMaybelline-New-York-Eyeliner-Waterproof%2Fdp%2FB07W8JJ61X%2Fref%3Dsr_1_1_sns_sspa%3Fcrid%3D3MFUSBY30FHA4%26keywords%3Dlakme%2Beyeliner%26qid%3D1667946275%26sprefix%3Dlakme%2Beyeliner%252Caps%252C107%26sr%3D8-1-spons%26psc%3D1,"Maybelline Hyper Easy Liquid Pen No-Skip Eyeliner, Satin Finish, Waterproof Formula, Eye Liner Makeup, Pitch Black, 0.018 Fl; Oz",Sponsored,4.4 out of 5 stars,"53,767",$7.58,"First Delivery Wed, Nov 9",B07W8JJ61X,https://m.media-amazon.com/images/I/61UyrYQ2BrL._AC_UL320_.jpg
https://www.amazon.com/sspa/click?ie=UTF8&spc=MTo4Njc0NTY2NDIwNTUyNDA1OjE2Njc5NDYyNzU6c3BfYXRmOjIwMDAyMjEwNDg2NzY4MTo6MDo6&sp_csd=d2lkZ2V0TmFtZT1zcF9hdGY&url=%2FLOreal-Paris-Infallible-Mechanical-Sharpener%2Fdp%2FB07QMKK98Q%2Fref%3Dsr_1_2_sns_sspa%3Fcrid%3D3MFUSBY30FHA4%26keywords%3Dlakme%2Beyeliner%26qid%3D1667946275%26sprefix%3Dlakme%2Beyeliner%252Caps%252C107%26sr%3D8-2-spons%26psc%3D1,"L'Oreal Paris Makeup Infallible Never Fail Original Mechanical Pencil Eyeliner with Built in Sharpener, Black Brown, 2 Count",Sponsored,4.5 out of 5 stars,"21,807",$14.38,"First Delivery Wed, Nov 9",B07QMKK98Q,https://m.media-amazon.com/images/I/713EvGUV2wL._AC_UL320_.jpg
https://www.amazon.com/sspa/click?ie=UTF8&spc=MTo4Njc0NTY2NDIwNTUyNDA1OjE2Njc5NDYyNzU6c3BfYXRmOjIwMDA2Mjk3NzE0ODY5ODo6MDo6&sp_csd=d2lkZ2V0TmFtZT1zcF9hdGY&url=%2FLOreal-Paris-Infallible-Precision-Waterproof%2Fdp%2FB09S8HDMJM%2Fref%3Dsr_1_3_sns_sspa%3Fcrid%3D3MFUSBY30FHA4%26keywords%3Dlakme%2Beyeliner%26qid%3D1667946275%26sprefix%3Dlakme%2Beyeliner%252Caps%252C107%26sr%3D8-3-spons%26psc%3D1,"L'Oreal Paris L’Oreal Paris Makeup Infallible Grip Precision Felt Eyeliner, Smudge Resistant, Long Lasting Waterproof Eyeliner, Grey, Grey, 0.03 fl oz",Sponsored,4.3 out of 5 stars,659,$8.54,"First Delivery Wed, Nov 9",B09S8HDMJM,https://m.media-amazon.com/images/I/61R+E-8BUgL._AC_UL320_.jpg
https://www.amazon.com/HotDeal-Lakme-Insta-Intensee-Black/dp/B09VPX3DZB/ref=sr_1_4?crid=3MFUSBY30FHA4&keywords=lakme+eyeliner&qid=1667946275&sprefix=lakme+eyeliner%2Caps%2C107&sr=8-4,HotDeal Lakme Insta Deep Intensee Black Eye Liner 9 ml,0.3 Fl Oz (Pack of 1),5.0 out of 5 stars,7,$8.89,"FREE delivery Mon, Nov 14|",B09VPX3DZB,https://m.media-amazon.com/images/I/31XWMUUhXnL._AC_UL320_.jpg
https://www.amazon.com/Lakme-Insta-Intense-Black-Liner/dp/B09TRGCMNJ/ref=sr_1_5?crid=3MFUSBY30FHA4&keywords=lakme+eyeliner&qid=1667946275&sprefix=lakme+eyeliner%2Caps%2C107&sr=8-5,Lakme Insta Deep Intense Black Eye Liner 9 ml,0.3 Ounce (Pack of 1),4.2 out of 5 stars,5,$9.98,FREE delivery Dec 1 - 12,B09TRGCMNJ,https://m.media-amazon.com/images/I/31ONjbzE3PL._AC_UL320_.jpg
https://www.amazon.com/l-f-Cosmetics-retractable-eyeliner-waterproof/dp/B07MWSXPT1/ref=sr_1_6_mod_primary_new?crid=3MFUSBY30FHA4&keywords=lakme+eyeliner&qid=1667946275&sbo=RZvfv%2F%2FHxDF%2BO5021pAnSA%3D%3D&sprefix=lakme+eyeliner%2Caps%2C107&sr=8-6,"e.l.f. No Budge Retractable Eyeliner, Creamy, Ultra-Pigmented & Waterproof, Creates Bold & Defined Lines, Vegan & Cruelty-Free, Black 0.006 Oz",1 Count (Pack of 1),4.5 out of 5 stars,"8,444|Subscribe & Save|$4.00$4.00 ($4.00/Ounce)|$4.00$4.00 ($4.00/Ounce)|($4.00/Ounce)|Save more with Subscribe & Save|First Delivery Wed, Nov 9",$4.00,"One-DayFREE delivery Tomorrow, Nov 9 Or FREE delivery Overnight 4 AM - 8 AM on $35 of qualifying items|One-Day|First Delivery Wed, Nov 9",B07MWSXPT1,https://m.media-amazon.com/images/I/51iP+Zi8O5L._AC_UL320_.jpg
https://www.amazon.com/sspa/click?ie=UTF8&spc=MTo1NTcwNTUxMDg1NDQwMjYwOjE2Njc5NDYyNzU6c3Bfc2VhcmNoX3RoZW1hdGljOjIwMDA2Mjk3NzE0ODM5ODo6MDo6&sp_csd=d2lkZ2V0TmFtZT1zcF9zZWFyY2hfdGhlbWF0aWM&url=%2FLOreal-Paris-Infallible-Precision-Waterproof%2Fdp%2FB09S8JWWZ3%2Fref%3Dsxin_15_pa_sp_search_thematic_sspa%3Fcontent-id%3Damzn1.sym.b05db705-0b89-4b8b-82f5-e767e46bfb6a%253Aamzn1.sym.b05db705-0b89-4b8b-82f5-e767e46bfb6a%26crid%3D3MFUSBY30FHA4%26cv_ct_cx%3Dlakme%2Beyeliner%26keywords%3Dlakme%2Beyeliner%26pd_rd_i%3DB09S8JWWZ3%26pd_rd_r%3D28e17501-4b53-4356-afb3-2e2ebc32ab67%26pd_rd_w%3D90mZ2%26pd_rd_wg%3DqOxFk%26pf_rd_p%3Db05db705-0b89-4b8b-82f5-e767e46bfb6a%26pf_rd_r%3DCDEW1PRWH28Z4YEKG7J9%26qid%3D1667946275%26sprefix%3Dlakme%2Beyeliner%252Caps%252C107%26sr%3D1-1-a73d1c8c-2fd2-4f19-aa41-2df022bcb241-spons%26psc%3D1,"L'Oreal Paris L’Oreal Paris Infallible Grip Precision Felt Eyeliner, Smudge Resistant, Long Lasting Waterproof Eyeliner, Black, Black, 0.03 fl oz",0.03 Fl Oz (Pack of 1),4.3 out of 5 stars|4.4 out of 5 stars|4.5 out of 5 stars|4.4 out of 5 stars|4.5 out of 5 stars,"659|53,767|21,807|31,420|9,607",$9.48,,,https://m.media-amazon.com/images/I/41eYnbYKfpL._AC_UL320_.jpg|https://m.media-amazon.com/images/I/61UyrYQ2BrL._AC_UL320_.jpg|https://m.media-amazon.com/images/I/51IVLCzdHYL._AC_UL320_.jpg|https://m.media-amazon.com/images/I/61wWHwqf2EL._AC_UL320_.jpg|https://m.media-amazon.com/images/I/41mBOfE5gTL._AC_UL320_.jpg
https://www.amazon.com/sspa/click?ie=UTF8&spc=MTo1NTcwNTUxMDg1NDQwMjYwOjE2Njc5NDYyNzU6c3Bfc2VhcmNoX3RoZW1hdGljOjIwMDA2Mjk3NzE0ODM5ODo6MDo6&sp_csd=d2lkZ2V0TmFtZT1zcF9zZWFyY2hfdGhlbWF0aWM&url=%2FLOreal-Paris-Infallible-Precision-Waterproof%2Fdp%2FB09S8JWWZ3%2Fref%3Dsxin_15_pa_sp_search_thematic_sspa%3Fcontent-id%3Damzn1.sym.b05db705-0b89-4b8b-82f5-e767e46bfb6a%253Aamzn1.sym.b05db705-0b89-4b8b-82f5-e767e46bfb6a%26crid%3D3MFUSBY30FHA4%26cv_ct_cx%3Dlakme%2Beyeliner%26keywords%3Dlakme%2Beyeliner%26pd_rd_i%3DB09S8JWWZ3%26pd_rd_r%3D28e17501-4b53-4356-afb3-2e2ebc32ab67%26pd_rd_w%3D90mZ2%26pd_rd_wg%3DqOxFk%26pf_rd_p%3Db05db705-0b89-4b8b-82f5-e767e46bfb6a%26pf_rd_r%3DCDEW1PRWH28Z4YEKG7J9%26qid%3D1667946275%26sprefix%3Dlakme%2Beyeliner%252Caps%252C107%26sr%3D1-1-a73d1c8c-2fd2-4f19-aa41-2df022bcb241-spons%26psc%3D1,"L'Oreal Paris L’Oreal Paris Infallible Grip Precision Felt Eyeliner, Smudge Resistant, Long Lasting Waterproof Eyeliner, Black, Black, 0.03 fl oz",0.03 Fl Oz (Pack of 1),4.3 out of 5 stars,659,$9.48,,B09S8JWWZ3,https://m.media-amazon.com/images/I/41eYnbYKfpL._AC_UL320_.jpg
https://www.amazon.com/sspa/click?ie=UTF8&spc=MTo1NTcwNTUxMDg1NDQwMjYwOjE2Njc5NDYyNzU6c3Bfc2VhcmNoX3RoZW1hdGljOjIwMDAzMDExNTQwNDYyMTo6MTo6&sp_csd=d2lkZ2V0TmFtZT1zcF9zZWFyY2hfdGhlbWF0aWM&url=%2FMaybelline-New-York-Eyeliner-Waterproof%2Fdp%2FB07W8JJ61X%2Fref%3Dsxin_15_pa_sp_search_thematic_sspa%3Fcontent-id%3Damzn1.sym.b05db705-0b89-4b8b-82f5-e767e46bfb6a%253Aamzn1.sym.b05db705-0b89-4b8b-82f5-e767e46bfb6a%26crid%3D3MFUSBY30FHA4%26cv_ct_cx%3Dlakme%2Beyeliner%26keywords%3Dlakme%2Beyeliner%26pd_rd_i%3DB07W8JJ61X%26pd_rd_r%3D28e17501-4b53-4356-afb3-2e2ebc32ab67%26pd_rd_w%3D90mZ2%26pd_rd_wg%3DqOxFk%26pf_rd_p%3Db05db705-0b89-4b8b-82f5-e767e46bfb6a%26pf_rd_r%3DCDEW1PRWH28Z4YEKG7J9%26qid%3D1667946275%26rdc%3D1%26sprefix%3Dlakme%2Beyeliner%252Caps%252C107%26sr%3D1-2-a73d1c8c-2fd2-4f19-aa41-2df022bcb241-spons%26psc%3D1,"Maybelline Hyper Easy Liquid Pen No-Skip Eyeliner, Satin Finish, Waterproof Formula, Eye Liner Makeup, Pitch Black, 0.018 Fl; Oz",0.18 Fl Oz (Pack of 1),4.4 out of 5 stars,"53,767",$7.98,,B07W8JJ61X,https://m.media-amazon.com/images/I/61UyrYQ2BrL._AC_UL320_.jpg
https://www.amazon.com/sspa/click?ie=UTF8&spc=MTo1NTcwNTUxMDg1NDQwMjYwOjE2Njc5NDYyNzU6c3Bfc2VhcmNoX3RoZW1hdGljOjIwMDAyMjEwNDg2NTk4MTo6Mjo6&sp_csd=d2lkZ2V0TmFtZT1zcF9zZWFyY2hfdGhlbWF0aWM&url=%2FLOreal-Paris-Infallible-Mechanical-Sharpener%2Fdp%2FB004BD0XGI%2Fref%3Dsxin_15_pa_sp_search_thematic_sspa%3Fcontent-id%3Damzn1.sym.b05db705-0b89-4b8b-82f5-e767e46bfb6a%253Aamzn1.sym.b05db705-0b89-4b8b-82f5-e767e46bfb6a%26crid%3D3MFUSBY30FHA4%26cv_ct_cx%3Dlakme%2Beyeliner%26keywords%3Dlakme%2Beyeliner%26pd_rd_i%3DB004BD0XGI%26pd_rd_r%3D28e17501-4b53-4356-afb3-2e2ebc32ab67%26pd_rd_w%3D90mZ2%26pd_rd_wg%3DqOxFk%26pf_rd_p%3Db05db705-0b89-4b8b-82f5-e767e46bfb6a%26pf_rd_r%3DCDEW1PRWH28Z4YEKG7J9%26qid%3D1667946275%26rdc%3D1%26sprefix%3Dlakme%2Beyeliner%252Caps%252C107%26sr%3D1-3-a73d1c8c-2fd2-4f19-aa41-2df022bcb241-spons%26psc%3D1,"L'Oreal Paris Makeup Infallible Never Fail Original Mechanical Pencil Eyeliner with Built in Sharpener, Black Brown, 1 Count",$7.19 with Subscribe & Save discount<label>Extra 50% off</label> when you subscribeExtra 50% off  when you subscribe,4.5 out of 5 stars,"21,807",$7.57,,B004BD0XGI,https://m.media-amazon.com/images/I/51IVLCzdHYL._AC_UL320_.jpg
https://www.amazon.com/sspa/click?ie=UTF8&spc=MTo1NTcwNTUxMDg1NDQwMjYwOjE2Njc5NDYyNzU6c3Bfc2VhcmNoX3RoZW1hdGljOjIwMDA5MzAyMjg4NTA5ODo6Mzo6&sp_csd=d2lkZ2V0TmFtZT1zcF9zZWFyY2hfdGhlbWF0aWM&url=%2FCOVERGIRL-Eyeliner-Espresso-Packaging-Sharpening%2Fdp%2FB00VTU2FWQ%2Fref%3Dsxin_15_pa_sp_search_thematic_sspa%3Fcontent-id%3Damzn1.sym.b05db705-0b89-4b8b-82f5-e767e46bfb6a%253Aamzn1.sym.b05db705-0b89-4b8b-82f5-e767e46bfb6a%26crid%3D3MFUSBY30FHA4%26cv_ct_cx%3Dlakme%2Beyeliner%26keywords%3Dlakme%2Beyeliner%26pd_rd_i%3DB00VTU2FWQ%26pd_rd_r%3D28e17501-4b53-4356-afb3-2e2ebc32ab67%26pd_rd_w%3D90mZ2%26pd_rd_wg%3DqOxFk%26pf_rd_p%3Db05db705-0b89-4b8b-82f5-e767e46bfb6a%26pf_rd_r%3DCDEW1PRWH28Z4YEKG7J9%26qid%3D1667946275%26sprefix%3Dlakme%2Beyeliner%252Caps%252C107%26sr%3D1-4-a73d1c8c-2fd2-4f19-aa41-2df022bcb241-spons%26psc%3D1,"Covergirl Perfect Point Plus Eyeliner, Espresso",Pack of 1,4.4 out of 5 stars,"31,420",$5.94,,B00VTU2FWQ,https://m.media-amazon.com/images/I/61wWHwqf2EL._AC_UL320_.jpg
https://www.amazon.com/sspa/click?ie=UTF8&spc=MTo1NTcwNTUxMDg1NDQwMjYwOjE2Njc5NDYyNzU6c3Bfc2VhcmNoX3RoZW1hdGljOjIwMDA5MTM4MDU2MTQ5ODo6NDo6&sp_csd=d2lkZ2V0TmFtZT1zcF9zZWFyY2hfdGhlbWF0aWM&url=%2FCOVERGIRL-Perfect-Waterproof-Eyeliner-packaging%2Fdp%2FB00C67ED30%2Fref%3Dsxin_15_pa_sp_search_thematic_sspa%3Fcontent-id%3Damzn1.sym.b05db705-0b89-4b8b-82f5-e767e46bfb6a%253Aamzn1.sym.b05db705-0b89-4b8b-82f5-e767e46bfb6a%26crid%3D3MFUSBY30FHA4%26cv_ct_cx%3Dlakme%2Beyeliner%26keywords%3Dlakme%2Beyeliner%26pd_rd_i%3DB00C67ED30%26pd_rd_r%3D28e17501-4b53-4356-afb3-2e2ebc32ab67%26pd_rd_w%3D90mZ2%26pd_rd_wg%3DqOxFk%26pf_rd_p%3Db05db705-0b89-4b8b-82f5-e767e46bfb6a%26pf_rd_r%3DCDEW1PRWH28Z4YEKG7J9%26qid%3D1667946275%26rdc%3D1%26sprefix%3Dlakme%2Beyeliner%252Caps%252C107%26sr%3D1-5-a73d1c8c-2fd2-4f19-aa41-2df022bcb241-spons%26psc%3D1,"COVERGIRL Ink It By Perfect Point Plus Long Lasting Waterproof Eyeliner, Black, 0.012 Oz (Pack of 1)",1 Count (Pack of 1),4.5 out of 5 stars,"9,607",$3.95,,B00C67ED30,https://m.media-amazon.com/images/I/41mBOfE5gTL._AC_UL320_.jpg
,,,,,,,,
https://www.amazon.com/Paris-Infallible-Blackest-Black-Packaging/dp/B0084A5N0A/ref=sr_1_7?crid=3MFUSBY30FHA4&keywords=lakme+eyeliner&qid=1667946275&sprefix=lakme+eyeliner%2Caps%2C107&sr=8-7,"L'Oreal Paris Infallible Lacquer Eyeliner, Blackest Black (Packaging May Vary)",1 Count (Pack of 1),4.6 out of 5 stars,"4,920",$9.78,"One-DayFREE delivery Tomorrow, Nov 9|One-Day",B0084A5N0A,https://m.media-amazon.com/images/I/615itEWSzLL._AC_UL320_.jpg
https://www.amazon.com/NYX-Mechanical-Eye-Pencil-Black/dp/B005G9E9AW/ref=sr_1_8_mod_primary_new?crid=3MFUSBY30FHA4&keywords=lakme+eyeliner&qid=1667946275&sbo=RZvfv%2F%2FHxDF%2BO5021pAnSA%3D%3D&sprefix=lakme+eyeliner%2Caps%2C107&sr=8-8,"NYX PROFESSIONAL MAKEUP Mechanical Eyeliner Pencil, Black",1 Count (Pack of 1),4.5 out of 5 stars,"90,933|Subscribe & Save|$4.74$4.74|$4.74$4.74|5% off $4.99 one-time price|First Delivery Wed, Nov 9",$4.99,"OvernightFREE delivery Overnight 4 AM - 8 AM on $35 of qualifying items|Overnight|First Delivery Wed, Nov 9",B005G9E9AW,https://m.media-amazon.com/images/I/51rSQChbyPL._AC_UL320_.jpg
https://www.amazon.com/Maybelline-New-York-Colossal-Kajal/dp/B01B1KQ6N2/ref=sr_1_9_mod_primary_new?crid=3MFUSBY30FHA4&keywords=lakme+eyeliner&qid=1667946275&sbo=RZvfv%2F%2FHxDF%2BO5021pAnSA%3D%3D&sprefix=lakme+eyeliner%2Caps%2C107&sr=8-9,Maybelline New York New The Colossal Kajal - Super Black (2X Blacker) Waterproof 16Hours Intense.,1 Count (Pack of 1),4.5 out of 5 stars,"5,904|Subscribe & Save|$8.38$8.38|$8.38$8.38|Save more with Subscribe & Save|First Delivery Thu, Nov 10|Only 4 left in stock - order soon.|Only 4 left in stock - order soon.",$8.39,"FREE delivery Thu, Nov 10||First Delivery Thu, Nov 10",B01B1KQ6N2,https://m.media-amazon.com/images/I/51ygC7ELf0L._AC_UL320_.jpg
https://www.amazon.com/Maybelline-Eyestudio-Master-Precise-Eyeliner/dp/B07FYMBCS5/ref=sr_1_10_mod_primary_sns?crid=3MFUSBY30FHA4&keywords=lakme+eyeliner&qid=1667946275&sbo=GLaw0Fx56FiNH%2FiZ%2B6XKiQ%3D%3D&sprefix=lakme+eyeliner%2Caps%2C107&sr=8-10,"Maybelline Eyestudio Master Precise All Day Waterproof Liquid Eyeliner, Black, 1 Count",5% off $6.38 one-time price,4.5 out of 5 stars,"28,925|One-time purchase:|$6.38$6.38 $7.99$7.99|$6.38$6.38 $7.99$7.99|Save 5% on 4 select item(s)|OvernightFREE delivery Overnight 4 AM - 8 AM on $35 of qualifying items",$6.06,"First Delivery Wed, Nov 9|OvernightFREE delivery Overnight 4 AM - 8 AM on $35 of qualifying items|Overnight",B07FYMBCS5,https://m.media-amazon.com/images/I/61GNuUF92RL._AC_UL320_.jpg
https://www.amazon.com/Covergirl-Perfect-Liquid-Eyeliner-Onyx-08/dp/B08L95VZQF/ref=sr_1_11_mod_primary_sns?crid=3MFUSBY30FHA4&keywords=lakme+eyeliner&qid=1667946275&sbo=GLaw0Fx56FiNH%2FiZ%2B6XKiQ%3D%3D&sprefix=lakme+eyeliner%2Caps%2C107&sr=8-11,"Covergirl Perfect Point Plus Liquid Eyeliner, Black Onyx, .08 Fl. Oz.",0.08 Fl Oz (Pack of 1),4.5 out of 5 stars,"2,180|One-time purchase:|$6.67$6.67 $8.99$8.99|$6.67$6.67 $8.99$8.99|Save 5% on 4 select item(s)|One-DayFREE delivery Tomorrow, Nov 9",$6.34,"First Delivery Wed, Nov 9|One-DayFREE delivery Tomorrow, Nov 9|One-Day",B08L95VZQF,https://m.media-amazon.com/images/I/615XgdOcq9L._AC_UL320_.jpg
https://www.amazon.com/Maybelline-New-York-Eyeliner-Waterproof/dp/B07W8JJ61X/ref=sr_1_12_mod_primary_sns?crid=3MFUSBY30FHA4&keywords=lakme+eyeliner&qid=1667946275&sbo=GLaw0Fx56FiNH%2FiZ%2B6XKiQ%3D%3D&sprefix=lakme+eyeliner%2Caps%2C107&sr=8-12,"Maybelline Hyper Easy Liquid Pen No-Skip Eyeliner, Satin Finish, Waterproof Formula, Eye Liner Makeup, Pitch Black, 0.018 Fl; Oz",0.18 Fl Oz (Pack of 1),4.4 out of 5 stars,"53,767|One-time purchase:|$7.98$7.98 $9.99$9.99|OvernightFREE delivery Overnight 4 AM - 8 AM on $35 of qualifying items",$7.58,"First Delivery Wed, Nov 9|OvernightFREE delivery Overnight 4 AM - 8 AM on $35 of qualifying items|Overnight",B07W8JJ61X,https://m.media-amazon.com/images/I/61UyrYQ2BrL._AC_UL320_.jpg
https://www.amazon.com/COVERGIRL-Line-Liquid-Eyeliner-packaging/dp/B075YWSXWB/ref=sr_1_13_mod_primary_new?crid=3MFUSBY30FHA4&keywords=lakme+eyeliner&qid=1667946275&sbo=RZvfv%2F%2FHxDF%2BO5021pAnSA%3D%3D&sprefix=lakme+eyeliner%2Caps%2C107&sr=8-13,"COVERGIRL Get In Line Liquid Eyeliner, Black Crystal, Long Lasting, 0.08 Ounces, Feather-Fine Tip, Contour-Grip Handle, Quick-Dry Liquid Eyeliner, Removes Easily",1 Count (Pack of 1),4.5 out of 5 stars,"2,243|Subscribe & Save|$7.13$7.13|$7.13$7.13|5% off $7.50 one-time price<label>Extra 50% off</label> when you subscribeExtra 50% off  when you subscribe|Extra 50% off|First Delivery Wed, Nov 9",$7.50,"OvernightFREE delivery Overnight 4 AM - 8 AM on $35 of qualifying items|Overnight|First Delivery Wed, Nov 9",B075YWSXWB,https://m.media-amazon.com/images/I/61KobmJC7nL._AC_UL320_.jpg
https://aax-us-iad.amazon.com/x/c/RAOSRhJ7E8ubyb0DpgYV8LUAAAGEWVhi5AEAAAH2AQBOL0EgICAgICAgICAgICBOL0EgICAgICAgICAgICByQCeY/https://www.amazon.com/dp/B08SHJ1WP3?pd_rd_i=B08SHJ1WP3&pf_rd_p=b000e0a0-9e93-480f-bf78-a83c8136dfcb&pf_rd_r=CDEW1PRWH28Z4YEKG7J9&pd_rd_wg=qOxFk&pd_rd_w=3VGsH&pd_rd_r=28e17501-4b53-4356-afb3-2e2ebc32ab67,"iMethod Eyeliner Stamp - NEW 2 Pens Winged Eyeliner Stamp, for All Eye Shapes, Winged Eyeliner Stamp, Perfect Wing Cat Eye Liner, Waterproof & Smudge-proof, 10 mm",Sponsored,4.2 out of 5 stars,"31,473",$12.97,"FREE delivery Thu, Nov 10|",,
https://www.amazon.com/NYX-Mechanical-Pencil-Deep-Blue/dp/B005G9EA7E/ref=sxin_25_ac_d_tl?ac_md=0-0-TllYIyMjUGVuY2ls-ac_d_tl_tl_t0&content-id=amzn1.sym.54356a7f-b572-4279-bb56-d0022f305c5f%3Aamzn1.sym.54356a7f-b572-4279-bb56-d0022f305c5f&crid=3MFUSBY30FHA4&cv_ct_cx=lakme+eyeliner&keywords=lakme+eyeliner&pd_rd_i=B005G9EA7E&pd_rd_r=28e17501-4b53-4356-afb3-2e2ebc32ab67&pd_rd_w=drJnc&pd_rd_wg=qOxFk&pf_rd_p=54356a7f-b572-4279-bb56-d0022f305c5f&pf_rd_r=CDEW1PRWH28Z4YEKG7J9&psc=1&qid=1667946275&sprefix=lakme+eyeliner%2Caps%2C107&sr=1-1-cce9fb4f-404f-453c-8e5e-0e10e169c39e,"NYX PROFESSIONAL MAKEUP Mechanical Eyeliner Pencil, Deep Blue",1 Count (Pack of 1),4.5 out of 5 stars|4.6 out of 5 stars|4.3 out of 5 stars|4.2 out of 5 stars,"90,933|71,857|5,531|46",$5.49,"OvernightFREE delivery Overnight 4 AM - 8 AM on $35 of qualifying items|Overnight|FREE delivery Sat, Nov 12||One-DayFREE delivery Tomorrow, Nov 9|One-Day|FREE delivery Thu, Nov 10|",,https://m.media-amazon.com/images/I/51mLn1ZHM0L._AC_UL320_.jpg|https://m.media-amazon.com/images/I/6108T2vFYDL._AC_UL320_.jpg|https://m.media-amazon.com/images/I/71oWUvRPhJL._AC_UL320_.jpg|https://m.media-amazon.com/images/I/51qamyqAOQL._AC_UL320_.jpg
,,,,,,,,
https://www.amazon.com/Maybelline-New-York-Ultra-Liner-Waterproof/dp/B000052WYN/ref=sr_1_14?crid=3MFUSBY30FHA4&keywords=lakme+eyeliner&qid=1667946275&sprefix=lakme+eyeliner%2Caps%2C107&sr=8-14,"Maybelline New York Ultra-Liner Liquid Liner, Waterproof, Black 135L-01 , 0.25 fl oz (7.3 ml)",0.25 Fl Oz (Pack of 1),4.2 out of 5 stars,"8,335",$6.48,"FREE delivery Thu, Nov 10|",B000052WYN,https://m.media-amazon.com/images/I/51jNd03oQKL._AC_UL320_.jpg
https://www.amazon.com/Kajal-Waterline-Eyeliner-VASANTI-Ophthalmologist/dp/B01GW09XRW/ref=sr_1_15_mod_primary_new?crid=3MFUSBY30FHA4&keywords=lakme+eyeliner&qid=1667946275&sbo=RZvfv%2F%2FHxDF%2BO5021pAnSA%3D%3D&sprefix=lakme+eyeliner%2Caps%2C107&sr=8-15,"VASANTI Kajal Waterline Eyeliner Pencil - Long-lasting, Waterproof, Smudge-proof, Safe for Sensitive Eyes, Waterline Eye Liner - Opthalmologist Approved and Tested (Intense Black)",1 Count (Pack of 1),4.2 out of 5 stars,"3,392|Subscribe & Save|$19.00$19.00|$19.00$19.00|Save more with Subscribe & Save|First Delivery Wed, Nov 9",$19.00,"One-DayFREE delivery Tomorrow, Nov 9|One-Day|Small Business|Small Business|Small Business|<img alt="""" src=""https://m.media-amazon.com/images/I/111mHoVK0kL._SS200_.png"" height=""50px"" width=""50px""/>  Small Business|<img alt="""" src=""https://m.media-amazon.com/images/I/111mHoVK0kL._SS200_.png"" height=""50px"" width=""50px""/>  Small Business|First Delivery Wed, Nov 9",B01GW09XRW,https://m.media-amazon.com/images/I/613rrKODYOL._AC_UL320_.jpg|https://m.media-amazon.com/images/I/111mHoVK0kL._SS200_.png|
https://www.amazon.com/LOreal-Paris-Voluminous-Smoldering-Sharpener/dp/B07QPM17KY/ref=sr_1_16_mod_primary_sns?crid=3MFUSBY30FHA4&keywords=lakme+eyeliner&qid=1667946275&sbo=GLaw0Fx56FiNH%2FiZ%2B6XKiQ%3D%3D&sprefix=lakme+eyeliner%2Caps%2C107&sr=8-16,"L'Oreal Paris Makeup Eyeliner Voluminous Smoldering Eye Pencil with Custom Sharpener, Kajal Inspired and Richly Intense, Black, 2 Count",2 Count (Pack of 1),4.6 out of 5 stars,"1,804|One-time purchase:|$15.10$15.10 $19.98$19.98|$15.10$15.10 $19.98$19.98|One-DayFREE delivery Tomorrow, Nov 9",$14.35,"First Delivery Wed, Nov 9|One-DayFREE delivery Tomorrow, Nov 9|One-Day",B07QPM17KY,https://m.media-amazon.com/images/I/71Gqtm3ZM5L._AC_UL320_.jpg
https://www.amazon.com/sspa/click?ie=UTF8&spc=MTo4Njc0NTY2NDIwNTUyNDA1OjE2Njc5NDYyNzU6c3BfbXRmOjIwMDA5MzAyMjg4NDU5ODo6MDo6&sp_csd=d2lkZ2V0TmFtZT1zcF9tdGY&url=%2FCOVERGIRL-Eyeliner-Sharpening-Blending-packaging%2Fdp%2FB001SYWTFG%2Fref%3Dsr_1_17_sspa%3Fcrid%3D3MFUSBY30FHA4%26keywords%3Dlakme%2Beyeliner%26qid%3D1667946275%26sprefix%3Dlakme%2Beyeliner%252Caps%252C107%26sr%3D8-17-spons%26psc%3D1,"COVERGIRL Perfect Point Plus Eyeliner Pencil, Black Onyx Pack of 1, Long-Lasting, Versatile Black Eyeliner, Soft Smudging Tip, No Sharpening Needed",Sponsored,4.4 out of 5 stars,"31,420",$5.94,"One-DayFREE delivery Tomorrow, Nov 9 Or FREE delivery Overnight 4 AM - 8 AM on $35 of qualifying items|One-Day",B001SYWTFG,https://m.media-amazon.com/images/I/61lalzREQzL._AC_UL320_.jpg
https://www.amazon.com/sspa/click?ie=UTF8&spc=MTo4Njc0NTY2NDIwNTUyNDA1OjE2Njc5NDYyNzU6c3BfbXRmOjIwMDAzMzMzOTQxMjM5ODo6MDo6&sp_csd=d2lkZ2V0TmFtZT1zcF9tdGY&url=%2FNYX-PROFESSIONAL-MAKEUP-Jumbo-Pencil%2Fdp%2FB001TJXI5U%2Fref%3Dsr_1_18_sspa%3Fcrid%3D3MFUSBY30FHA4%26keywords%3Dlakme%2Beyeliner%26qid%3D1667946275%26sprefix%3Dlakme%2Beyeliner%252Caps%252C107%26sr%3D8-18-spons%26psc%3D1,"NYX PROFESSIONAL MAKEUP Jumbo Eye Pencil, Eyeshadow & Eyeliner Pencil - Black Bean",Sponsored,4.3 out of 5 stars,"51,641",$4.50,"FREE delivery Fri, Nov 11|",B001TJXI5U,https://m.media-amazon.com/images/I/71fY2hodA4S._AC_UL320_.jpg
https://www.amazon.com/sspa/click?ie=UTF8&spc=MTo4Njc0NTY2NDIwNTUyNDA1OjE2Njc5NDYyNzU6c3BfbXRmOjIwMDA1MzI4MTI1NzI5ODo6MDo6&sp_csd=d2lkZ2V0TmFtZT1zcF9tdGY&url=%2FColorStay-Waterproof-Smudgeproof-Longwearing-Ultra-Fine%2Fdp%2FB01J1A3TFW%2Fref%3Dsr_1_19_sspa%3Fcrid%3D3MFUSBY30FHA4%26keywords%3Dlakme%2Beyeliner%26qid%3D1667946275%26sprefix%3Dlakme%2Beyeliner%252Caps%252C107%26sr%3D8-19-spons%26psc%3D1,"Revlon ColorStay Pencil Eyeliner with Built-in Sharpener, Waterproof, Smudgeproof, Longwearing Eye Makeup with Ultra-Fine Tip, 201 Black, 2 Pack",Sponsored,4.6 out of 5 stars,"20,218",$10.72,OvernightFREE delivery Overnight 4 AM - 8 AM on $35 of qualifying items|Overnight,B01J1A3TFW,https://m.media-amazon.com/images/I/81RRytp9-+L._AC_UL320_.jpg
https://www.amazon.com/sspa/click?ie=UTF8&spc=MTo4Njc0NTY2NDIwNTUyNDA1OjE2Njc5NDYyNzU6c3BfbXRmOjIwMDAzMjQzODcxODI4MTo6MDo6&sp_csd=d2lkZ2V0TmFtZT1zcF9tdGY&url=%2FNYX-Mechanical-Eye-Pencil-Brown%2Fdp%2FB005G9E9FW%2Fref%3Dsr_1_20_sspa%3Fcrid%3D3MFUSBY30FHA4%26keywords%3Dlakme%2Beyeliner%26qid%3D1667946275%26sprefix%3Dlakme%2Beyeliner%252Caps%252C107%26sr%3D8-20-spons%26psc%3D1,"NYX PROFESSIONAL MAKEUP Mechanical Eyeliner Pencil, Brown",Sponsored,4.5 out of 5 stars,"90,933",$4.99,OvernightFREE delivery Overnight 4 AM - 8 AM on $35 of qualifying items|Overnight,B005G9E9FW,https://m.media-amazon.com/images/I/51NdWQbNQWL._AC_UL320_.jpg
https://www.amazon.com/Rimmel-Scandaleyes-Waterproof-Kajal-Liner/dp/B00DNK5UR2/ref=sr_1_21_mod_primary_new?crid=3MFUSBY30FHA4&keywords=lakme+eyeliner&qid=1667946275&sbo=RZvfv%2F%2FHxDF%2BO5021pAnSA%3D%3D&sprefix=lakme+eyeliner%2Caps%2C107&sr=8-21,"Rimmel Scandaleyes Waterproof Gel Eye Liner Pencil, Black 001",1 Count (Pack of 1),4.3 out of 5 stars,"26,611|Subscribe & Save|$3.79$3.79|$3.79$3.79|5% off $3.99 one-time price|First Delivery Wed, Nov 9",$3.99,"One-DayFREE delivery Tomorrow, Nov 9 Or FREE delivery Overnight 4 AM - 8 AM on $35 of qualifying items|One-Day|First Delivery Wed, Nov 9",B00DNK5UR2,https://m.media-amazon.com/images/I/71lC8JV6-CL._AC_UL320_.jpg
https://www.amazon.com/NYX-PROFESSIONAL-MAKEUP-Waterproof-Eyeliner/dp/B074Y8LM6T/ref=sr_1_22_mod_primary_new?crid=3MFUSBY30FHA4&keywords=lakme+eyeliner&qid=1667946275&sbo=RZvfv%2F%2FHxDF%2BO5021pAnSA%3D%3D&sprefix=lakme+eyeliner%2Caps%2C107&sr=8-22,"NYX PROFESSIONAL MAKEUP Epic Ink Liner, Waterproof Liquid Eyeliner - Black, Vegan Formula",1 Count (Pack of 1),4.6 out of 5 stars,"71,857|Subscribe & Save|$7.52$7.52|$7.52$7.52|5% off $7.92 one-time price<label>Extra 50% off</label> when you subscribeExtra 50% off  when you subscribe|Extra 50% off|First Delivery Wed, Nov 9",$7.92,"OvernightFREE delivery Overnight 4 AM - 8 AM on $35 of qualifying items|Overnight|First Delivery Wed, Nov 9",B074Y8LM6T,https://m.media-amazon.com/images/I/61MlC7rEJPL._AC_UL320_.jpg
https://www.amazon.com/1Black-Eyeliner-Eyebrow-Brushes-Included/dp/B00T3VL8BC/ref=sr_1_23_mod_primary_new?crid=3MFUSBY30FHA4&keywords=lakme+eyeliner&qid=1667946275&sbo=RZvfv%2F%2FHxDF%2BO5021pAnSA%3D%3D&sprefix=lakme+eyeliner%2Caps%2C107&sr=8-23,"UCANBE 2 in 1 Black and Brown Gel Eyeliner Set Water Proof Smudge Proof, Last for All Day Long, Work Great with Eyebrow, 2 Pcs Eye Makeup Brushes Included",4 Piece Set,4.2 out of 5 stars,"11,203|Subscribe & Save|$5.50$5.50 ($5.50/Count)|$5.50$5.50 ($5.50/Count)|($5.50/Count)|Save more with Subscribe & Save|First Delivery Thu, Nov 10",$5.50,"FREE delivery Thu, Nov 10||First Delivery Thu, Nov 10",B00T3VL8BC,https://m.media-amazon.com/images/I/51cyFFOOgwL._AC_UL320_.jpg
https://www.amazon.com/LOr%C3%A9al-Paris-Makeup-Infallible-Eyeliner/dp/B004BDVF6A/ref=sr_1_24_mod_primary_new?crid=3MFUSBY30FHA4&keywords=lakme+eyeliner&qid=1667946275&sbo=RZvfv%2F%2FHxDF%2BO5021pAnSA%3D%3D&sprefix=lakme+eyeliner%2Caps%2C107&sr=8-24,"L'Oreal Paris Makeup Infallible Never Fail Original Mechanical Pencil Eyeliner with Built in Sharpener, Black, 1 Count","One-DayFREE delivery Tomorrow, Nov 9 Or FREE delivery Overnight 4 AM - 8 AM on $35 of qualifying items",4.5 out of 5 stars,"21,807|Subscribe & Save|$9.02$9.02|$9.02$9.02|5% off $9.49 one-time price<label>Extra 50% off</label> when you subscribeExtra 50% off  when you subscribe|Extra 50% off|First Delivery Wed, Nov 9",$9.49,"One-DayFREE delivery Tomorrow, Nov 9 Or FREE delivery Overnight 4 AM - 8 AM on $35 of qualifying items|One-Day|First Delivery Wed, Nov 9",B004BDVF6A,https://m.media-amazon.com/images/I/51lx9IUcWzL._AC_UL320_.jpg
https://www.amazon.com/REVLON-Waterproof-Smudgeproof-Longwearing-Ultra-Fine/dp/B000H3EO3O/ref=sr_1_25_mod_primary_new?crid=3MFUSBY30FHA4&keywords=lakme+eyeliner&qid=1667946275&sbo=RZvfv%2F%2FHxDF%2BO5021pAnSA%3D%3D&sprefix=lakme+eyeliner%2Caps%2C107&sr=8-25,"Pencil Eyeliner by Revlon, ColorStay Eye Makeup with Built-in Sharpener, Waterproof, Smudgeproof, Longwearing with Ultra-Fine Tip, 201 Black, 0.01 Oz",0.01 Ounce (Pack of 1),4.6 out of 5 stars,"20,218|Subscribe & Save|$5.69$5.69|$5.69$5.69|5% off $5.99 one-time price|First Delivery Fri, Nov 11",$5.99,"FREE delivery Fri, Nov 11||First Delivery Fri, Nov 11",B000H3EO3O,https://m.media-amazon.com/images/I/71tl2PadQpL._AC_UL320_.jpg
https://www.amazon.com/Kajal-Waterline-Eyeliner-VASANTI-SLATE/dp/B07X2LS4QD/ref=sr_1_26_mod_primary_new?crid=3MFUSBY30FHA4&keywords=lakme+eyeliner&qid=1667946275&sbo=RZvfv%2F%2FHxDF%2BO5021pAnSA%3D%3D&sprefix=lakme+eyeliner%2Caps%2C107&sr=8-26,"VASANTI Kajal Waterline Eyeliner Pencil - Long-lasting, Waterproof, Smudge-proof, Safe for Sensitive Eyes, Waterline Eye Liner - Opthalmologist Approved and Tested (Slate Grey)",1 Count (Pack of 1),4.2 out of 5 stars,"3,392|Subscribe & Save|$19.00$19.00 ($19.00/Count)|$19.00$19.00 ($19.00/Count)|($19.00/Count)|Save more with Subscribe & Save|First Delivery Wed, Nov 9",$19.00,"One-DayFREE delivery Tomorrow, Nov 9|One-Day|Small Business|Small Business|Small Business|<img alt="""" src=""https://m.media-amazon.com/images/I/111mHoVK0kL._SS200_.png"" height=""50px"" width=""50px""/>  Small Business|<img alt="""" src=""https://m.media-amazon.com/images/I/111mHoVK0kL._SS200_.png"" height=""50px"" width=""50px""/>  Small Business|First Delivery Wed, Nov 9",B07X2LS4QD,https://m.media-amazon.com/images/I/21X44kfAUoL._AC_UL320_.jpg|https://m.media-amazon.com/images/I/111mHoVK0kL._SS200_.png|
https://www.amazon.com/Shahnaz-Herbals-Natural-Long-Lasting-Goodness/dp/B0BCH3P3ZG/ref=sr_1_27?crid=3MFUSBY30FHA4&keywords=lakme+eyeliner&qid=1667946275&sprefix=lakme+eyeliner%2Caps%2C107&sr=8-27,Shahnaz Husain Herbals Natural Kajal | Shaeyes Plus | Long-Lasting Kajal for Eyes | Goodness of Natural Oils and Herbal Extract | 2 grams,1 Count (Pack of 1),,,$14.40,"FREE delivery Fri, Nov 11|",B0BCH3P3ZG,https://m.media-amazon.com/images/I/71in05Acj7L._AC_UL320_.jpg
https://www.amazon.com/Rimmel-exaggerate-waterproof-definer-blackest/dp/B07NX61ZHN/ref=sr_1_28_mod_primary_sns?crid=3MFUSBY30FHA4&keywords=lakme+eyeliner&qid=1667946275&sbo=GLaw0Fx56FiNH%2FiZ%2B6XKiQ%3D%3D&sprefix=lakme+eyeliner%2Caps%2C107&sr=8-28,"Rimmel London exaggerate auto waterproof eye definer in blackest black, 2 Count",2 Count (Pack of 1),4.6 out of 5 stars,"15,025|One-time purchase:|$6.97$6.97 $11.98$11.98|$6.97$6.97 $11.98$11.98|Save 5% on 4 select item(s)|One-DayFREE delivery Tomorrow, Nov 9 Or FREE delivery Overnight 4 AM - 8 AM on $35 of qualifying items",$6.62,"First Delivery Wed, Nov 9|One-DayFREE delivery Tomorrow, Nov 9 Or FREE delivery Overnight 4 AM - 8 AM on $35 of qualifying items|One-Day",B07NX61ZHN,https://m.media-amazon.com/images/I/51AzOAWnQrL._AC_UL320_.jpg
https://www.amazon.com/Physicians-Formula-Booster-Boosting-Eyeliner/dp/B06Y1WQDKF/ref=sr_1_29_mod_primary_sns?crid=3MFUSBY30FHA4&keywords=lakme+eyeliner&qid=1667946275&sbo=GLaw0Fx56FiNH%2FiZ%2B6XKiQ%3D%3D&sprefix=lakme+eyeliner%2Caps%2C107&sr=8-29,"Physicians Formula Ultra-Fine Liquid Eyeliner Dark Brown, Dermatologist Approved",1 Count (Pack of 1),4.4 out of 5 stars,"10,133|One-time purchase:|$8.04$8.04 $11.99$11.99|$8.04$8.04 $11.99$11.99|Save 5% on 4 select item(s)|OvernightFREE delivery Overnight 4 AM - 8 AM on $35 of qualifying items",$7.64,"First Delivery Wed, Nov 9|OvernightFREE delivery Overnight 4 AM - 8 AM on $35 of qualifying items|Overnight",B06Y1WQDKF,https://m.media-amazon.com/images/I/612TH5fp5LL._AC_UL320_.jpg
https://www.amazon.com/LOreal-Paris-Infallible-Precision-Waterproof/dp/B09S8HDMJM/ref=sr_1_30_mod_primary_sns?crid=3MFUSBY30FHA4&keywords=lakme+eyeliner&qid=1667946275&sbo=GLaw0Fx56FiNH%2FiZ%2B6XKiQ%3D%3D&sprefix=lakme+eyeliner%2Caps%2C107&sr=8-30,"L'Oreal Paris L’Oreal Paris Makeup Infallible Grip Precision Felt Eyeliner, Smudge Resistant, Long Lasting Waterproof Eyeliner, Grey, Grey, 0.03 fl oz",0.03 Fl Oz (Pack of 1),4.3 out of 5 stars,"659|One-time purchase:|$8.99$8.99 $11.99$11.99|$8.99$8.99 $11.99$11.99|One-DayFREE delivery Tomorrow, Nov 9",$8.54,"First Delivery Wed, Nov 9|One-DayFREE delivery Tomorrow, Nov 9|One-Day",B09S8HDMJM,https://m.media-amazon.com/images/I/61R+E-8BUgL._AC_UL320_.jpg
https://www.amazon.com/Black-Radiance-Liquid-Eyeliner-Fluid/dp/B00112BTM4/ref=sr_1_31_mod_primary_new?crid=3MFUSBY30FHA4&keywords=lakme+eyeliner&qid=1667946275&sbo=RZvfv%2F%2FHxDF%2BO5021pAnSA%3D%3D&sprefix=lakme+eyeliner%2Caps%2C107&sr=8-31,"Black Radiance Fine Line Liquid Eyeliner, Black, 0.12 Fluid Ounce",0.12 Fl Oz (Pack of 1),4.3 out of 5 stars,"1,759|Subscribe & Save|$1.89$1.89|$1.89$1.89|5% off $1.99 one-time price|",$1.99,FREE delivery for Prime members|,B00112BTM4,https://m.media-amazon.com/images/I/61Qb6brgw-L._AC_UL320_.jpg
https://www.amazon.com/Maybelline-New-York-TattooStudio-Resistant/dp/B07PJZD7KF/ref=sr_1_32_mod_primary_new?crid=3MFUSBY30FHA4&keywords=lakme+eyeliner&qid=1667946275&sbo=RZvfv%2F%2FHxDF%2BO5021pAnSA%3D%3D&sprefix=lakme+eyeliner%2Caps%2C107&sr=8-32,"Maybelline New York Tattoo Studio Liquid Ink Eyeliner Makeup, up to 36HR Wear, Sweat Resistant, Smudge Resistant, Ink Black, 0.08 Fl.Oz",0.08 Fl Oz (Pack of 1),4.2 out of 5 stars,"6,457|Subscribe & Save|$7.58$7.58|$7.58$7.58|5% off $7.98 one-time price|First Delivery Wed, Nov 9",$7.98,"One-DayFREE delivery Tomorrow, Nov 9 Or FREE delivery Overnight 4 AM - 8 AM on $35 of qualifying items|One-Day|First Delivery Wed, Nov 9",B07PJZD7KF,https://m.media-amazon.com/images/I/61MN35uIeBL._AC_UL320_.jpg
https://www.amazon.com/sspa/click?ie=UTF8&spc=MTo4Njc0NTY2NDIwNTUyNDA1OjE2Njc5NDYyNzU6c3BfbXRmOjIwMDA0NTczMDY5NjE5ODo6MDo6&sp_csd=d2lkZ2V0TmFtZT1zcF9tdGY&url=%2FK7L-Cosmetics-Waterproof-Eyeliner-Pencil%2Fdp%2FB07YYQ6W13%2Fref%3Dsr_1_33_sspa%3Fcrid%3D3MFUSBY30FHA4%26keywords%3Dlakme%2Beyeliner%26qid%3D1667946275%26sprefix%3Dlakme%2Beyeliner%252Caps%252C107%26sr%3D8-33-spons%26psc%3D1,Cream White - Crema - Eyeliner Pencil For Women - K7L Cosmetics,Sponsored,4.1 out of 5 stars,409,$18.00,"FREE delivery Thu, Nov 10||Small Business|Small Business|Small Business|<img alt="""" src=""https://m.media-amazon.com/images/I/111mHoVK0kL._SS200_.png"" height=""50px"" width=""50px""/>  Small Business|<img alt="""" src=""https://m.media-amazon.com/images/I/111mHoVK0kL._SS200_.png"" height=""50px"" width=""50px""/>  Small Business",B07YYQ6W13,https://m.media-amazon.com/images/I/91DV0OhkZ7L._AC_UL320_.jpg|https://m.media-amazon.com/images/I/111mHoVK0kL._SS200_.png|
https://www.amazon.com/sspa/click?ie=UTF8&spc=MTo4Njc0NTY2NDIwNTUyNDA1OjE2Njc5NDYyNzU6c3BfbXRmOjIwMDAyOTIwOTkwMDk5ODo6MDo6&sp_csd=d2lkZ2V0TmFtZT1zcF9tdGY&url=%2FBoobeen-Eyeliner-Waterproof-Smudge-proof-Long-lasting%2Fdp%2FB09JWLMRGC%2Fref%3Dsr_1_34_sspa%3Fcrid%3D3MFUSBY30FHA4%26keywords%3Dlakme%2Beyeliner%26qid%3D1667946275%26sprefix%3Dlakme%2Beyeliner%252Caps%252C107%26sr%3D8-34-spons%26psc%3D1,Boobeen Eyeliner Waterproof Gel Eyeliner Smudge-proof Eye Liner Gel Makeup High Pigment Eye Makeup Set Easy to Apply Long-lasting For All Day,Sponsored,4.1 out of 5 stars,287,$9.99,"FREE delivery Thu, Nov 10|",B09JWLMRGC,https://m.media-amazon.com/images/I/71kfP3c5VNL._AC_UL320_.jpg
https://www.amazon.com/sspa/click?ie=UTF8&spc=MTo4Njc0NTY2NDIwNTUyNDA1OjE2Njc5NDYyNzU6c3BfbXRmOjIwMDA5MTM4MDU2MTQ5ODo6MDo6&sp_csd=d2lkZ2V0TmFtZT1zcF9tdGY&url=%2FCOVERGIRL-Perfect-Waterproof-Eyeliner-packaging%2Fdp%2FB00C67ED30%2Fref%3Dsr_1_35_sspa%3Fcrid%3D3MFUSBY30FHA4%26keywords%3Dlakme%2Beyeliner%26qid%3D1667946275%26sprefix%3Dlakme%2Beyeliner%252Caps%252C107%26sr%3D8-35-spons%26psc%3D1,"COVERGIRL Ink It By Perfect Point Plus Long Lasting Waterproof Eyeliner, Black, 0.012 Oz (Pack of 1)",Sponsored,4.5 out of 5 stars,"9,607",$3.95,OvernightFREE delivery Overnight 4 AM - 8 AM on $35 of qualifying items|Overnight,B00C67ED30,https://m.media-amazon.com/images/I/41mBOfE5gTL._AC_UL320_.jpg
https://www.amazon.com/sspa/click?ie=UTF8&spc=MTo4Njc0NTY2NDIwNTUyNDA1OjE2Njc5NDYyNzU6c3BfbXRmOjIwMDA0OTk3NjI1OTI5ODo6MDo6&sp_csd=d2lkZ2V0TmFtZT1zcF9tdGY&url=%2FLAURA-GELLER-NEW-YORK-Longwear%2Fdp%2FB086FL15F6%2Fref%3Dsr_1_36_sspa%3Fcrid%3D3MFUSBY30FHA4%26keywords%3Dlakme%2Beyeliner%26qid%3D1667946275%26sprefix%3Dlakme%2Beyeliner%252Caps%252C107%26sr%3D8-36-spons%26psc%3D1,"LAURA GELLER NEW YORK Kajal Longwear Kohl Eyeliner Pencil with Caffeine, Smooth & Blendable Makeup, Dark Brown",Sponsored,4.3 out of 5 stars,"1,389",$21.99,"One-DayFREE delivery Tomorrow, Nov 9|One-Day|Small Business|Small Business|Small Business|<img alt="""" src=""https://m.media-amazon.com/images/I/111mHoVK0kL._SS200_.png"" height=""50px"" width=""50px""/>  Small Business|<img alt="""" src=""https://m.media-amazon.com/images/I/111mHoVK0kL._SS200_.png"" height=""50px"" width=""50px""/>  Small Business",B086FL15F6,https://m.media-amazon.com/images/I/71giL5mJ+5L._AC_UL320_.jpg|https://m.media-amazon.com/images/I/111mHoVK0kL._SS200_.png|
https://www.amazon.com/LOreal-Paris-Infallible-Mechanical-Sharpener/dp/B005EII5BY/ref=sr_1_37_mod_primary_sns?crid=3MFUSBY30FHA4&keywords=lakme+eyeliner&qid=1667946275&sbo=GLaw0Fx56FiNH%2FiZ%2B6XKiQ%3D%3D&sprefix=lakme+eyeliner%2Caps%2C107&sr=8-37,"L'Oreal Paris Makeup Infallible Never Fail Original Mechanical Pencil Eyeliner with Built in Sharpener, Navy, 0.008 oz.",1 Count (Pack of 1),4.5 out of 5 stars,"21,807|One-time purchase:|$8.47$8.47 $9.49$9.49|$8.47$8.47 $9.49$9.49|One-DayFREE delivery Tomorrow, Nov 9 Or FREE delivery Overnight 4 AM - 8 AM on $35 of qualifying items",$8.05,"First Delivery Wed, Nov 9|One-DayFREE delivery Tomorrow, Nov 9 Or FREE delivery Overnight 4 AM - 8 AM on $35 of qualifying items|One-Day",B005EII5BY,https://m.media-amazon.com/images/I/51qpvinm0TL._AC_UL320_.jpg
https://www.amazon.com/Boobeen-Eyeliner-Waterproof-Smudge-proof-Long-lasting/dp/B09JWLF8DX/ref=sr_1_38_mod_primary_new?crid=3MFUSBY30FHA4&keywords=lakme+eyeliner&qid=1667946275&sbo=RZvfv%2F%2FHxDF%2BO5021pAnSA%3D%3D&sprefix=lakme+eyeliner%2Caps%2C107&sr=8-38,Boobeen Eyeliner Waterproof Gel Eyeliner Smudge-proof Eye Liner Gel Makeup High Pigment Eye Makeup Set Easy to Apply Long-lasting For All Day,2 Piece Set,4.1 out of 5 stars,"287|Subscribe & Save|$9.99$9.99|$9.99$9.99|Save more with Subscribe & Save|First Delivery Thu, Nov 10",$9.99,"FREE delivery Thu, Nov 10||First Delivery Thu, Nov 10",B09JWLF8DX,https://m.media-amazon.com/images/I/619UzyjApVL._AC_UL320_.jpg
https://www.amazon.com/Paris-Voluminous-Smoldering-Eyeliner-Packaging/dp/B005EIIAPA/ref=sr_1_39_mod_primary_new?crid=3MFUSBY30FHA4&keywords=lakme+eyeliner&qid=1667946275&sbo=RZvfv%2F%2FHxDF%2BO5021pAnSA%3D%3D&sprefix=lakme+eyeliner%2Caps%2C107&sr=8-39,"L'Oreal Paris Voluminous Smoldering Eyeliner, Black (Packaging May Vary)",1 Count (Pack of 1),4.6 out of 5 stars,"6,705|Subscribe & Save|$8.16$8.16 ($8.16/Count)|$8.16$8.16 ($8.16/Count)|($8.16/Count)|5% off $8.59 one-time price|",$8.59,FREE delivery for Prime members|,B005EIIAPA,https://m.media-amazon.com/images/I/718YYhoDjlL._AC_UL320_.jpg
https://www.amazon.com/COVERGIRL-Perfect-Eyeliner-Packaging-Blending/dp/B00C674O4I/ref=sr_1_40_mod_primary_new?crid=3MFUSBY30FHA4&keywords=lakme+eyeliner&qid=1667946275&sbo=RZvfv%2F%2FHxDF%2BO5021pAnSA%3D%3D&sprefix=lakme+eyeliner%2Caps%2C107&sr=8-40,"COVERGIRL Perfect Blend Eyeliner Pencil, Smoky Taupe 130 (1 Count) (Packaging May Vary) Eyeliner Pencil with Blending Tip",1 Count (Pack of 1),4.3 out of 5 stars,"2,690|Subscribe & Save|$4.22$4.22|$4.22$4.22|5% off $4.44 one-time price|First Delivery Wed, Nov 9",$4.44,"OvernightFREE delivery Overnight 4 AM - 8 AM on $35 of qualifying items|Overnight|First Delivery Wed, Nov 9",B00C674O4I,https://m.media-amazon.com/images/I/61Ea19uZOgL._AC_UL320_.jpg
https://www.amazon.com/Honest-Beauty-Eyeliner-Transfer-Ophthalmologist/dp/B07VQ7XSZY/ref=sr_1_41_mod_primary_new?crid=3MFUSBY30FHA4&keywords=lakme+eyeliner&qid=1667946275&sbo=RZvfv%2F%2FHxDF%2BO5021pAnSA%3D%3D&sprefix=lakme+eyeliner%2Caps%2C107&sr=8-41,"Honest Beauty Liquid Eyeliner Vegan Smudge Flake Transfer Proof Carbon Free Silicone Free Cruelty Free Ophthalmologist Tested 0.058 fl. oz, Black",0.06 Fl Oz (Pack of 1),4.2 out of 5 stars,"3,242|Subscribe & Save|$12.34$12.34|$12.34$12.34|5% off $12.99 one-time price<label>Extra 15% off</label> when you subscribeExtra 15% off  when you subscribe|Extra 15% off|First Delivery Wed, Nov 9",$12.99,"OvernightFREE delivery Overnight 4 AM - 8 AM on $35 of qualifying items|Overnight|Climate Pledge Friendly|Climate Pledge Friendly|Climate Pledge Friendly|<img alt="""" src=""https://m.media-amazon.com/images/I/216-OX9rBaL._SS200_.png"" height=""50px"" width=""50px""/>  Climate Pledge Friendly|<img alt="""" src=""https://m.media-amazon.com/images/I/216-OX9rBaL._SS200_.png"" height=""50px"" width=""50px""/>  Climate Pledge Friendly|<img alt="""" src=""https://m.media-amazon.com/images/I/31OPjlesFNL._SS200_.png"" height=""50px"" width=""50px""/> EWG Verified|First Delivery Wed, Nov 9",B07VQ7XSZY,https://m.media-amazon.com/images/I/41FM8RWIbNL._AC_UL320_.jpg|https://m.media-amazon.com/images/I/216-OX9rBaL._SS200_.png||
https://www.amazon.com/Almay-Eyeliner-Liner-Ball-Point/dp/B01MUVRPJ5/ref=sr_1_42?crid=3MFUSBY30FHA4&keywords=lakme+eyeliner&qid=1667946275&sprefix=lakme+eyeliner%2Caps%2C107&sr=8-42,"Almay Pen Eyeliner Eye Liner Ball Point Tip, 210 Navy (Pack of 2)",2 Count (Pack of 1),4.4 out of 5 stars,66,$7.00,"FREE delivery Thu, Nov 10|",B01MUVRPJ5,https://m.media-amazon.com/images/I/41XVA2-gMHL._AC_UL320_.jpg
https://www.amazon.com/Milani-Matte-Liquid-Liner-Black/dp/B01L30XNPO/ref=sr_1_43?crid=3MFUSBY30FHA4&keywords=lakme+eyeliner&qid=1667946275&sprefix=lakme+eyeliner%2Caps%2C107&sr=8-43,"Milani Stay Put Matte Liquid Eyeliner - Liquid Eyeliner Pen, Long Lasting & Smudgeproof Makeup Pen Black",1 Count (Pack of 1),4.4 out of 5 stars,"3,842",,"Small Business|Small Business|Small Business|<img alt="""" src=""https://m.media-amazon.com/images/I/111mHoVK0kL._SS200_.png"" height=""50px"" width=""50px""/>  Small Business|<img alt="""" src=""https://m.media-amazon.com/images/I/111mHoVK0kL._SS200_.png"" height=""50px"" width=""50px""/>  Small Business",B01L30XNPO,https://m.media-amazon.com/images/I/61gja3Jy2aL._AC_UL320_.jpg|https://m.media-amazon.com/images/I/111mHoVK0kL._SS200_.png|
https://www.amazon.com/Italia-Deluxe-Liquid-Eyeliner-Waterproof/dp/B06XMR4F9K/ref=sr_1_44?crid=3MFUSBY30FHA4&keywords=lakme+eyeliner&qid=1667946275&sprefix=lakme+eyeliner%2Caps%2C107&sr=8-44,Italia Deluxe Matte Liquid Eyeliner Waterproof (3pcs),3 Count (Pack of 1),4.3 out of 5 stars,"1,215",$7.18,"FREE delivery Sat, Nov 12|",B06XMR4F9K,https://m.media-amazon.com/images/I/61J16c4OkrL._AC_UL320_.jpg
https://www.amazon.com/COVERGIRL-Perfect-Waterproof-Eyeliner-packaging/dp/B00C67ED30/ref=sr_1_45_mod_primary_new?crid=3MFUSBY30FHA4&keywords=lakme+eyeliner&qid=1667946275&sbo=RZvfv%2F%2FHxDF%2BO5021pAnSA%3D%3D&sprefix=lakme+eyeliner%2Caps%2C107&sr=8-45,"COVERGIRL Ink It By Perfect Point Plus Long Lasting Waterproof Eyeliner, Black, 0.012 Oz (Pack of 1)",1 Count (Pack of 1),4.5 out of 5 stars,"9,607|Subscribe & Save|$3.75$3.75|$3.75$3.75|5% off $3.95 one-time price<label>Extra 50% off</label> when you subscribeExtra 50% off  when you subscribe|Extra 50% off|First Delivery Wed, Nov 9",$3.95,"OvernightFREE delivery Overnight 4 AM - 8 AM on $35 of qualifying items|Overnight|First Delivery Wed, Nov 9",B00C67ED30,https://m.media-amazon.com/images/I/41mBOfE5gTL._AC_UL320_.jpg
https://www.amazon.com/Maybelline-New-York-Eyestudio-Waterproof/dp/B078JHTBRV/ref=sr_1_46_mod_primary_sns?crid=3MFUSBY30FHA4&keywords=lakme+eyeliner&qid=1667946275&sbo=GLaw0Fx56FiNH%2FiZ%2B6XKiQ%3D%3D&sprefix=lakme+eyeliner%2Caps%2C107&sr=8-46,"Maybelline New York Eyestudio Lasting Drama Waterproof Gel Pencil Makeup, Sleek Onyx, 2 Count",2 Count (Pack of 1),4.5 out of 5 stars,"3,984|One-time purchase:|$10.88$10.88|$10.88$10.88|One-DayFREE delivery Tomorrow, Nov 9",$10.34,"First Delivery Wed, Nov 9|One-DayFREE delivery Tomorrow, Nov 9|One-Day",B078JHTBRV,https://m.media-amazon.com/images/I/91v3lPj80CL._AC_UL320_.jpg
https://www.amazon.com/wild-Breakup-Proof-Liquid-Eyeliner-Black/dp/B082YQ8TXR/ref=sr_1_47_mod_primary_sns?crid=3MFUSBY30FHA4&keywords=lakme+eyeliner&qid=1667946275&sbo=GLaw0Fx56FiNH%2FiZ%2B6XKiQ%3D%3D&sprefix=lakme+eyeliner%2Caps%2C107&sr=8-47,Wet n Wild Mega Last Breakup Proof Liquid Waterproof Eyeliner Brush Tip Pen | Quick Drying | Smudge Resistant| Long Lasting 16 Hour Wear| Precise Ultra Fine | Black,1 Count (Pack of 1),4.5 out of 5 stars,"11,188|One-time purchase:|$5.28$5.28 $6.49$6.49|$5.28$5.28 $6.49$6.49|Save 5% on 4 select item(s)|FREE delivery Thu, Nov 10",$5.02,"First Delivery Thu, Nov 10|FREE delivery Thu, Nov 10|",B082YQ8TXR,https://m.media-amazon.com/images/I/61fqBvLANeL._AC_UL320_.jpg
https://www.amazon.com/Maybelline-Eyestudio-Lasting-Blackest-Waterproof/dp/B0030HNNS6/ref=sr_1_48_mod_primary_new?crid=3MFUSBY30FHA4&keywords=lakme+eyeliner&qid=1667946275&sbo=RZvfv%2F%2FHxDF%2BO5021pAnSA%3D%3D&sprefix=lakme+eyeliner%2Caps%2C107&sr=8-48,"Maybelline New York Makeup Eyestudio Lasting Drama Gel Eye Liner, Blackest Black, Waterproof, 0.106 Ounce,Pack of 1",Save 5% on 4 select item(s),4.4 out of 5 stars,"13,987|Subscribe & Save|$7.36$7.36|$7.36$7.36|5% off $7.75 one-time price|First Delivery Wed, Nov 9",$7.75,"OvernightFREE delivery Overnight 4 AM - 8 AM on $35 of qualifying items|Overnight|First Delivery Wed, Nov 9",B0030HNNS6,https://m.media-amazon.com/images/I/71j608D4SIL._AC_UL320_.jpg
https://www.amazon.com/Rimmel-Exaggerate-Felt-Liner-Black/dp/B00CMFV5V4/ref=sr_1_49_mod_primary_new?crid=3MFUSBY30FHA4&keywords=lakme+eyeliner&qid=1667946275&sbo=RZvfv%2F%2FHxDF%2BO5021pAnSA%3D%3D&sprefix=lakme+eyeliner%2Caps%2C107&sr=8-49,"Rimmel Exaggerate Felt Tip Eye Liner, Black, 0.08 Fl Oz",1 Count (Pack of 1),4.4 out of 5 stars,"2,771|Subscribe & Save|$5.39$5.39|$5.39$5.39|5% off $5.67 one-time price|First Delivery Wed, Nov 9",$5.67,"One-DayFREE delivery Tomorrow, Nov 9|One-Day|First Delivery Wed, Nov 9",B00CMFV5V4,https://m.media-amazon.com/images/I/515XyN+smIL._AC_UL320_.jpg
https://www.amazon.com/Urban-Decay-Glide-Pencil-Perversion/dp/B006Z79SBE/ref=sr_1_50_mod_primary_new?crid=3MFUSBY30FHA4&keywords=lakme+eyeliner&qid=1667946275&sbo=RZvfv%2F%2FHxDF%2BO5021pAnSA%3D%3D&sprefix=lakme+eyeliner%2Caps%2C107&sr=8-50,"Urban Decay 24/7 Glide-On Waterproof Eyeliner Pencil - Long-Lasting, Ultra-Creamy & Blendable Formula - Sharpenable Tip – Perversion (Blackest Black with Matte Finish) - 0.04 Oz",1 Count (Pack of 1),4.4 out of 5 stars,"6,146|Subscribe & Save|$23.00$23.00|$23.00$23.00|Save more with Subscribe & Save|First Delivery Wed, Nov 9",$23.00,"One-DayFREE delivery Tomorrow, Nov 9|One-Day|First Delivery Wed, Nov 9",B006Z79SBE,https://m.media-amazon.com/images/I/61CF7IT7iTL._AC_UL320_.jpg
https://www.amazon.com/LOreal-Paris-Signature-Waterproof-Application/dp/B07X83CB1N/ref=sr_1_51?crid=3MFUSBY30FHA4&keywords=lakme+eyeliner&qid=1667946275&sprefix=lakme+eyeliner%2Caps%2C107&sr=8-51,"L'Oreal Paris Makeup Matte Signature Liquid Dip Eyeliner, Waterproof, Precise and Easy Application, All Day Wear, Vivid Matte Finish, Black, 0.07 fl; Oz.",0.07 Fl Oz (Pack of 1),4.3 out of 5 stars,"1,510",,,B07X83CB1N,https://m.media-amazon.com/images/I/71Dw3OuKf6L._AC_UL320_.jpg
https://www.amazon.com/Eyeliner-Stamp-WingLiner-Waterproof-Smudgeproof/dp/B07GM317JJ/ref=sr_1_52_mod_primary_new?crid=3MFUSBY30FHA4&keywords=lakme+eyeliner&qid=1667946275&sbo=RZvfv%2F%2FHxDF%2BO5021pAnSA%3D%3D&sprefix=lakme+eyeliner%2Caps%2C107&sr=8-52,"Winged Eyeliner Stamp – The Flick Stick by Lovoir, Easy Cat Eye Stencil Makeup Tool, SmudgeProof & Waterpoof Liquid Eye liner Pen, Vamp Style Wing, Wingliner (10mm Classic, Midnight Black)",1 Count (Pack of 1),4.2 out of 5 stars,"29,835|Subscribe & Save|$13.48$13.48 ($6.74/Count)|$13.48$13.48 ($6.74/Count)|($6.74/Count)|10% off $14.98 one-time price|First Delivery Wed, Nov 9",$14.98,"One-DayFREE delivery Tomorrow, Nov 9 Or FREE delivery Overnight 4 AM - 8 AM on $35 of qualifying items|One-Day|First Delivery Wed, Nov 9",B07GM317JJ,https://m.media-amazon.com/images/I/417d7VdsqgL._AC_UL320_.jpg
https://www.amazon.com/KYDA-Eyeliner-Waterproof-Longlasting-Brush-Black/dp/B093BJV673/ref=sr_1_53_mod_primary_new?crid=3MFUSBY30FHA4&keywords=lakme+eyeliner&qid=1667946275&sbo=RZvfv%2F%2FHxDF%2BO5021pAnSA%3D%3D&sprefix=lakme+eyeliner%2Caps%2C107&sr=8-53,"KYDA 2 Pcs Eyeliner Cream Set,Waterproof Longlasting Gel Eyeliner Pen Black Eyeliner Cream Natural Smooth Eyeliner Gel Cream,with Brush-Black",3 Piece Set,3.9 out of 5 stars,"201|Subscribe & Save|$9.98$9.98 ($4.99/Count)|$9.98$9.98 ($4.99/Count)|($4.99/Count)|Save more with Subscribe & Save|First Delivery Thu, Nov 10",$9.98,"FREE delivery Thu, Nov 10||First Delivery Thu, Nov 10",B093BJV673,https://m.media-amazon.com/images/I/710bkyi0hkL._AC_UL320_.jpg
https://www.amazon.com/Paris-Infallible-Pro-Last-Waterproof-Eyeliner/dp/B074PVGQQB/ref=sr_1_54_mod_primary_new?crid=3MFUSBY30FHA4&keywords=lakme+eyeliner&qid=1667946275&sbo=RZvfv%2F%2FHxDF%2BO5021pAnSA%3D%3D&sprefix=lakme+eyeliner%2Caps%2C107&sr=8-54,"L'Oreal Paris Cosmetics Infallible Pro-Last Waterproof Pencil Eyeliner, Black, 0.042 Ounce,1 Count",OvernightFREE delivery Overnight 4 AM - 8 AM on $35 of qualifying items,4.3 out of 5 stars,"12,195|Subscribe & Save|$8.05$8.05|$8.05$8.05|5% off $8.47 one-time price<label>Extra 50% off</label> when you subscribeExtra 50% off  when you subscribe|Extra 50% off|First Delivery Wed, Nov 9",$8.47,"OvernightFREE delivery Overnight 4 AM - 8 AM on $35 of qualifying items|Overnight|First Delivery Wed, Nov 9",B074PVGQQB,https://m.media-amazon.com/images/I/51UrcEVInmL._AC_UL320_.jpg
https://www.amazon.com/Eternal-Professional-Waterproof-Liquid-Eyeliner/dp/B07WXK8L9P/ref=sr_1_55?crid=3MFUSBY30FHA4&keywords=lakme+eyeliner&qid=1667946275&sprefix=lakme+eyeliner%2Caps%2C107&sr=8-55,"Eternal Professional Waterproof Liquid Eyeliner – Easy Glide, Quick Dry, Long Lasting inkwell with Thin Tip and Non-Smudge Formula – For Natural or Dramatic Effect with Matte Finish",1 Count (Pack of 1),3.7 out of 5 stars,47,$8.50,"One-DayFREE delivery Tomorrow, Nov 9|One-Day|Small Business|Small Business|Small Business|<img alt="""" src=""https://m.media-amazon.com/images/I/111mHoVK0kL._SS200_.png"" height=""50px"" width=""50px""/>  Small Business|<img alt="""" src=""https://m.media-amazon.com/images/I/111mHoVK0kL._SS200_.png"" height=""50px"" width=""50px""/>  Small Business",B07WXK8L9P,https://m.media-amazon.com/images/I/31UITd5EaRL._AC_UL320_.jpg|https://m.media-amazon.com/images/I/111mHoVK0kL._SS200_.png|
https://www.amazon.com/Maybelline-Eyestudio-Master-Precise-Eyeliner/dp/B085S8T2L3/ref=sr_1_56_mod_primary_new?crid=3MFUSBY30FHA4&keywords=lakme+eyeliner&qid=1667946275&sbo=RZvfv%2F%2FHxDF%2BO5021pAnSA%3D%3D&sprefix=lakme+eyeliner%2Caps%2C107&sr=8-56,"Maybelline Eyestudio Master Precise All Day Waterproof Liquid Eyeliner, Matte Black, 1 Count",Save 5% on 4 select item(s),4.5 out of 5 stars,"28,925|Subscribe & Save|$6.77$6.77|$6.77$6.77|5% off $7.13 one-time price|First Delivery Wed, Nov 9",$7.13,"OvernightFREE delivery Overnight 4 AM - 8 AM on $35 of qualifying items|Overnight|First Delivery Wed, Nov 9",B085S8T2L3,https://m.media-amazon.com/images/I/61uo1l-GFCL._AC_UL320_.jpg
https://www.amazon.com/Maybelline-New-York-Eyestudio-Defining/dp/B0169YXW6O/ref=sr_1_57_mod_primary_sns?crid=3MFUSBY30FHA4&keywords=lakme+eyeliner&qid=1667946275&sbo=GLaw0Fx56FiNH%2FiZ%2B6XKiQ%3D%3D&sprefix=lakme+eyeliner%2Caps%2C107&sr=8-57,"Maybelline Master Precise Skinny Gel Eyeliner Pencil, Defining Black, 1 Count",0.35 Ounce (Pack of 1),4.5 out of 5 stars,"4,848|One-time purchase:|$7.73$7.73 $8.99$8.99|$7.73$7.73 $8.99$8.99|One-DayFREE delivery Tomorrow, Nov 9 Or FREE delivery Overnight 4 AM - 8 AM on $35 of qualifying items",$7.34,"First Delivery Wed, Nov 9|One-DayFREE delivery Tomorrow, Nov 9 Or FREE delivery Overnight 4 AM - 8 AM on $35 of qualifying items|One-Day",B0169YXW6O,https://m.media-amazon.com/images/I/7137RkrOVZL._AC_UL320_.jpg
https://www.amazon.com/Annabelle-Waterline-Matte-Eyeliner-Blackest/dp/B073ZG6QB9/ref=sr_1_58_mod_primary_new?crid=3MFUSBY30FHA4&keywords=lakme+eyeliner&qid=1667946275&sbo=RZvfv%2F%2FHxDF%2BO5021pAnSA%3D%3D&sprefix=lakme+eyeliner%2Caps%2C107&sr=8-58,"Annabelle Waterline Matte Kohl Eyeliner, Blackest Black",0.04 Ounce (Pack of 1),4.3 out of 5 stars,"3,026|Subscribe & Save|$11.01$11.01|$11.01$11.01|5% off $11.59 one-time price<label>Extra 50% off</label> when you subscribeExtra 50% off  when you subscribe|Extra 50% off|First Delivery Wed, Nov 9",$11.59,"One-DayFREE delivery Tomorrow, Nov 9|One-Day|First Delivery Wed, Nov 9",B073ZG6QB9,https://m.media-amazon.com/images/I/51fYx9dIYbL._AC_UL320_.jpg
https://www.amazon.com/Maybelline-Unstoppable-Smudge-Proof-Eyeliner-Waterproof/dp/B078JDLN8R/ref=sr_1_59_mod_primary_sns?crid=3MFUSBY30FHA4&keywords=lakme+eyeliner&qid=1667946275&sbo=GLaw0Fx56FiNH%2FiZ%2B6XKiQ%3D%3D&sprefix=lakme+eyeliner%2Caps%2C107&sr=8-59,"Maybelline Unstoppable Waterproof Mechanical Eyeliner, Onyx, 2 Count",2 Count (Pack of 1),4.6 out of 5 stars,"19,046|One-time purchase:|$9.88$9.88|$9.88$9.88|FREE delivery for Prime members",$9.39,|FREE delivery for Prime members,B078JDLN8R,https://m.media-amazon.com/images/I/719KGk++TML._AC_UL320_.jpg
https://www.amazon.com/sspa/click?ie=UTF8&spc=MTo4Njc0NTY2NDIwNTUyNDA1OjE2Njc5NDYyNzU6c3BfYnRmOjIwMDEwNjIwMTYwMzYzMTo6MDo6&sp_csd=d2lkZ2V0TmFtZT1zcF9idGY&url=%2FAlmay-Longlasting-Waterproof-HighPerforming-EasytoSharpen%2Fdp%2FB08MRZ4RK7%2Fref%3Dsr_1_60_sns_sspa%3Fcrid%3D3MFUSBY30FHA4%26keywords%3Dlakme%2Beyeliner%26qid%3D1667946275%26sprefix%3Dlakme%2Beyeliner%252Caps%252C107%26sr%3D8-60-spons%26psc%3D1,"Gel Eyeliner by Almay, Waterproof, Fade-Proof Eye Makeup, Easy-to-Sharpen Liner Pencil, 140 Deep Chestnut, 0.045 Oz",Sponsored,4.2 out of 5 stars,"2,989",$6.07,"First Delivery Fri, Nov 11|Climate Pledge Friendly|Climate Pledge Friendly|Climate Pledge Friendly|<img alt="""" src=""https://m.media-amazon.com/images/I/216-OX9rBaL._SS200_.png"" height=""50px"" width=""50px""/>  Climate Pledge Friendly|<img alt="""" src=""https://m.media-amazon.com/images/I/216-OX9rBaL._SS200_.png"" height=""50px"" width=""50px""/>  Climate Pledge Friendly|<img alt="""" src=""https://m.media-amazon.com/images/I/31OPjlesFNL._SS200_.png"" height=""50px"" width=""50px""/> EWG Verified",B08MRZ4RK7,https://m.media-amazon.com/images/I/71+8Cc7pToL._AC_UL320_.jpg|https://m.media-amazon.com/images/I/216-OX9rBaL._SS200_.png||
https://aax-us-iad.amazon.com/x/c/ROIT3DUCc8dDAiDoaDbI0YEAAAGEWVhi3wEAAAH2AQBOL0EgICAgICAgICAgICBOL0EgICAgICAgICAgICC_CZ0v/https://www.amazon.com/dp/B086FV2Y7T?pd_rd_i=B086FV2Y7T&pf_rd_p=55defc4a-7c1e-47a7-8d1d-5cc458cca688&pf_rd_r=CDEW1PRWH28Z4YEKG7J9&pd_rd_wg=yQSM7&pd_rd_w=u93Uh&pd_rd_r=296b7be8-cbfa-40a1-bbb4-2d5ea740f8f3,"LAURA GELLER NEW YORK Kajal Longwear Kohl Eyeliner Pencil with Caffeine, Smooth & Blendable Makeup, Deep Black",Sponsored,4.3 out of 5 stars,"1,389",$20.85,"One-DayFREE delivery Tomorrow, Nov 9|One-Day",,
,,,,,,,,
,,,,,,,,
,,,,,,,,
,,,,,,,,
,,,,,,,,