query,docno
smudge free kohl,d291
smudge free kohl,d353
all in one foundation concealer,d182
best bridal makeup products,d2
full makeup set,d242
smudge free eyeliner,d355
smudge free eyeliner,d363
smudge free eyeliner,d352
smudge free eyeliner,d361
smudge free eyeliner,d105
smudge free eyeliner,d9
moisturiser for sensitive skin,d447
all skin type foundation,d421
all skin type foundation,d435
cruelty free lipstick red,d201
soft nudes eyeshadow palette,d258
soft nudes eyeshadow palette,d4
soft nudes eyeshadow palette,d30
soft nudes eyeshadow palette,d55
eyebrow pencil set multiple size,d291
eyebrow pencil set multiple size,d353
eyebrow pencil set multiple size,d354
eyebrow pencil set multiple size,d359
eyebrow pencil set multiple size,d360
eyebrow pencil set multiple size,d371
smudge free nailpaint,d291
smudge free nailpaint,d353
smudge free nailpaint,d354
smudge free nailpaint,d359
smudge free nailpaint,d360
smudge free nailpaint,d371
smoky eyeshadow palette,d54
smoky eyeshadow palette,d52
best bridal makeup products,d60
best bridal makeup products,d183
best bridal makeup products,d198
bronzer palette for dark skin,d107
bronzer palette for dark skin,d118
bronzer palette for dark skin,d207
bronzer palette for dark skin,d590
light blush palette,d215
light blush palette,d170
light blush palette,d167
light blush palette,d208
light blush palette,d140
light blush palette,d142
light blush palette,d204
light blush palette,d187
light blush palette,d177
mascara eyeliner kohl set,d491
mascara eyeliner kohl set,d501
full makeup set,d423
full makeup set,d101
smudge free eyeliner,d324
smudge free eyeliner,d284
smudge free eyeliner,d394
smudge free eyeliner,d405
smudge free eyeliner,d364
smudge free eyeliner,d378
smudge free eyeliner,d288
smudge free eyeliner,d289
smudge free eyeliner,d290
smudge free eyeliner,d348
smudge free eyeliner,d25
smudge free eyeliner,d68
smudge free eyeliner,d319
smudge free eyeliner,d368
smudge free eyeliner,d393
smudge free eyeliner,d376
smudge free eyeliner,d301
smudge free eyeliner,d335
smudge free eyeliner,d358
smudge free eyeliner,d390
smudge free eyeliner,d49
smudge free eyeliner,d370
smudge free eyeliner,d176
smudge free eyeliner,d602
smudge free eyeliner,d292
smudge free eyeliner,d391
smudge free eyeliner,d412
smudge free eyeliner,d291
smudge free eyeliner,d353
smudge free eyeliner,d354
smudge free eyeliner,d359
smudge free eyeliner,d360
smudge free eyeliner,d371
smudge free eyeliner,d83
smudge free eyeliner,d144
smudge free eyeliner,d214
smudge free eyeliner,d492
smudge free eyeliner,d362
smudge free eyeliner,d294
smudge free eyeliner,d395
smudge free eyeliner,d223
smudge free eyeliner,d482
smudge free eyeliner,d525
smudge free eyeliner,d490
smudge free eyeliner,d497
smudge free eyeliner,d498
smudge free eyeliner,d379
smudge free eyeliner,d835
smudge free eyeliner,d33
smudge free eyeliner,d84
moisturiser for sensitive skin,d607
moisturiser for sensitive skin,d590
moisturiser for sensitive skin,d594
moisturiser for sensitive skin,d131
moisturiser for sensitive skin,d421
moisturiser for sensitive skin,d435
moisturiser for sensitive skin,d436
moisturiser for sensitive skin,d104
moisturiser for sensitive skin,d284
moisturiser for sensitive skin,d116
moisturiser for sensitive skin,d186
moisturiser for sensitive skin,d125
moisturiser for sensitive skin,d377
moisturiser for sensitive skin,d122
moisturiser for sensitive skin,d126
moisturiser for sensitive skin,d118
moisturiser for sensitive skin,d107
moisturiser for sensitive skin,d207
moisturiser for sensitive skin,d85
moisturiser for sensitive skin,d593
moisturiser for sensitive skin,d94
moisturiser for sensitive skin,d75
moisturiser for sensitive skin,d205
moisturiser for sensitive skin,d188
moisturiser for sensitive skin,d129
moisturiser for sensitive skin,d198
moisturiser for sensitive skin,d101
moisturiser for sensitive skin,d801
moisturiser for sensitive skin,d88
moisturiser for sensitive skin,d82
moisturiser for sensitive skin,d208
moisturiser for sensitive skin,d81
moisturiser for sensitive skin,d110
moisturiser for sensitive skin,d144
moisturiser for sensitive skin,d214
moisturiser for sensitive skin,d106
moisturiser for sensitive skin,d119
moisturiser for sensitive skin,d440
moisturiser for sensitive skin,d441
moisturiser for sensitive skin,d108
moisturiser for sensitive skin,d602
moisturiser for sensitive skin,d121
moisturiser for sensitive skin,d90
moisturiser for sensitive skin,d130
moisturiser for sensitive skin,d136
moisturiser for sensitive skin,d97
moisturiser for sensitive skin,d132
moisturiser for sensitive skin,d138
moisturiser for sensitive skin,d179
moisturiser for sensitive skin,d189
all skin type foundation,d97
all skin type foundation,d132
all skin type foundation,d138
all skin type foundation,d447
all skin type foundation,d108
all skin type foundation,d607
all skin type foundation,d104
all skin type foundation,d107
all skin type foundation,d88
all skin type foundation,d136
all skin type foundation,d131
all skin type foundation,d126
all skin type foundation,d90
all skin type foundation,d122
all skin type foundation,d75
all skin type foundation,d118
all skin type foundation,d125
all skin type foundation,d94
all skin type foundation,d111
all skin type foundation,d207
all skin type foundation,d114
all skin type foundation,d85
all skin type foundation,d130
all skin type foundation,d101
all skin type foundation,d115
all skin type foundation,d462
all skin type foundation,d72
all skin type foundation,d423
all skin type foundation,d129
all skin type foundation,d93
all skin type foundation,d112
all skin type foundation,d134
all skin type foundation,d82
all skin type foundation,d123
all skin type foundation,d102
all skin type foundation,d116
all skin type foundation,d105
all skin type foundation,d81
all skin type foundation,d110
all skin type foundation,d128
all skin type foundation,d106
all skin type foundation,d119
all skin type foundation,d74
all skin type foundation,d87
all skin type foundation,d806
all skin type foundation,d124
all skin type foundation,d98
all skin type foundation,d127
all skin type foundation,d103
all skin type foundation,d70
cruelty free lipstick red,d176
cruelty free lipstick red,d672
cruelty free lipstick red,d689
cruelty free lipstick red,d715
cruelty free lipstick red,d525
cruelty free lipstick red,d49
cruelty free lipstick red,d84
cruelty free lipstick red,d105
cruelty free lipstick red,d664
cruelty free lipstick red,d225
cruelty free lipstick red,d750
cruelty free lipstick red,d675
cruelty free lipstick red,d643
cruelty free lipstick red,d655
cruelty free lipstick red,d140
cruelty free lipstick red,d142
cruelty free lipstick red,d223
cruelty free lipstick red,d720
cruelty free lipstick red,d60
cruelty free lipstick red,d681
cruelty free lipstick red,d708
cruelty free lipstick red,d34
cruelty free lipstick red,d130
cruelty free lipstick red,d518
cruelty free lipstick red,d808
cruelty free lipstick red,d639
cruelty free lipstick red,d25
cruelty free lipstick red,d68
cruelty free lipstick red,d75
cruelty free lipstick red,d646
cruelty free lipstick red,d656
cruelty free lipstick red,d650
cruelty free lipstick red,d166
cruelty free lipstick red,d439
cruelty free lipstick red,d448
cruelty free lipstick red,d175
cruelty free lipstick red,d660
cruelty free lipstick red,d115
cruelty free lipstick red,d602
cruelty free lipstick red,d462
cruelty free lipstick red,d632
cruelty free lipstick red,d32
cruelty free lipstick red,d711
cruelty free lipstick red,d228
cruelty free lipstick red,d233
cruelty free lipstick red,d482
cruelty free lipstick red,d281
cruelty free lipstick red,d224
cruelty free lipstick red,d172
cruelty free lipstick red,d18
smudge free kohl,d294
smudge free kohl,d313
smudge free kohl,d312
smudge free kohl,d319
smudge free kohl,d301
smudge free kohl,d347
smudge free kohl,d335
smudge free kohl,d290
smudge free kohl,d292
smudge free kohl,d25
smudge free kohl,d68
smudge free kohl,d49
smudge free kohl,d176
smudge free kohl,d602
smudge free kohl,d83
smudge free kohl,d144
smudge free kohl,d214
smudge free kohl,d284
smudge free kohl,d394
smudge free kohl,d492
smudge free kohl,d223
smudge free kohl,d482
smudge free kohl,d525
smudge free kohl,d364
smudge free kohl,d378
smudge free kohl,d393
smudge free kohl,d288
smudge free kohl,d289
smudge free kohl,d490
smudge free kohl,d497
smudge free kohl,d498
smudge free kohl,d379
smudge free kohl,d835
smudge free kohl,d33
smudge free kohl,d84
smudge free kohl,d105
smudge free kohl,d324
smudge free kohl,d175
smudge free kohl,d172
smudge free kohl,d225
smudge free kohl,d750
smudge free kohl,d74
smudge free kohl,d115
smudge free kohl,d462
smudge free kohl,d140
smudge free kohl,d142
smudge free kohl,d607
smudge free kohl,d60
smudge free kohl,d34
smudge free kohl,d130
waterproof lipstick,d675
waterproof lipstick,d672
waterproof lipstick,d720
waterproof lipstick,d660
waterproof lipstick,d664
waterproof lipstick,d643
waterproof lipstick,d689
waterproof lipstick,d632
waterproof lipstick,d711
waterproof lipstick,d681
waterproof lipstick,d639
waterproof lipstick,d646
waterproof lipstick,d656
waterproof lipstick,d650
waterproof lipstick,d197
waterproof lipstick,d752
waterproof lipstick,d7
waterproof lipstick,d11
waterproof lipstick,d14
waterproof lipstick,d347
waterproof lipstick,d358
waterproof lipstick,d845
waterproof lipstick,d370
waterproof lipstick,d8
waterproof lipstick,d856
waterproof lipstick,d715
waterproof lipstick,d412
waterproof lipstick,d509
waterproof lipstick,d128
waterproof lipstick,d866
waterproof lipstick,d655
waterproof lipstick,d41
waterproof lipstick,d58
waterproof lipstick,d284
waterproof lipstick,d352
waterproof lipstick,d361
waterproof lipstick,d492
waterproof lipstick,d9
waterproof lipstick,d17
waterproof lipstick,d39
waterproof lipstick,d62
waterproof lipstick,d896
waterproof lipstick,d63
waterproof lipstick,d96
waterproof lipstick,d108
waterproof lipstick,d364
waterproof lipstick,d378
waterproof lipstick,d876
waterproof lipstick,d393
waterproof lipstick,d90
all in one foundation concealer,d93
all in one foundation concealer,d112
all in one foundation concealer,d130
all in one foundation concealer,d464
all in one foundation concealer,d123
all in one foundation concealer,d484
all in one foundation concealer,d488
all in one foundation concealer,d137
all in one foundation concealer,d446
all in one foundation concealer,d463
all in one foundation concealer,d103
all in one foundation concealer,d82
all in one foundation concealer,d453
all in one foundation concealer,d489
all in one foundation concealer,d96
all in one foundation concealer,d439
all in one foundation concealer,d120
all in one foundation concealer,d806
all in one foundation concealer,d72
all in one foundation concealer,d423
all in one foundation concealer,d461
all in one foundation concealer,d90
all in one foundation concealer,d422
all in one foundation concealer,d97
all in one foundation concealer,d132
all in one foundation concealer,d138
all in one foundation concealer,d447
all in one foundation concealer,d114
all in one foundation concealer,d105
all in one foundation concealer,d438
all in one foundation concealer,d111
all in one foundation concealer,d128
all in one foundation concealer,d74
all in one foundation concealer,d131
all in one foundation concealer,d482
all in one foundation concealer,d431
all in one foundation concealer,d460
all in one foundation concealer,d466
all in one foundation concealer,d440
all in one foundation concealer,d441
all in one foundation concealer,d107
all in one foundation concealer,d485
all in one foundation concealer,d108
all in one foundation concealer,d70
all in one foundation concealer,d470
all in one foundation concealer,d136
all in one foundation concealer,d75
all in one foundation concealer,d437
all in one foundation concealer,d479
all in one foundation concealer,d76
soft nudes eyeshadow palette,d63
soft nudes eyeshadow palette,d38
soft nudes eyeshadow palette,d24
soft nudes eyeshadow palette,d46
soft nudes eyeshadow palette,d60
soft nudes eyeshadow palette,d48
soft nudes eyeshadow palette,d51
soft nudes eyeshadow palette,d53
soft nudes eyeshadow palette,d23
soft nudes eyeshadow palette,d20
soft nudes eyeshadow palette,d19
soft nudes eyeshadow palette,d29
soft nudes eyeshadow palette,d21
soft nudes eyeshadow palette,d15
soft nudes eyeshadow palette,d27
soft nudes eyeshadow palette,d26
soft nudes eyeshadow palette,d2
soft nudes eyeshadow palette,d35
soft nudes eyeshadow palette,d44
soft nudes eyeshadow palette,d56
soft nudes eyeshadow palette,d65
soft nudes eyeshadow palette,d31
soft nudes eyeshadow palette,d22
soft nudes eyeshadow palette,d45
soft nudes eyeshadow palette,d17
soft nudes eyeshadow palette,d50
soft nudes eyeshadow palette,d13
soft nudes eyeshadow palette,d16
soft nudes eyeshadow palette,d33
soft nudes eyeshadow palette,d319
soft nudes eyeshadow palette,d7
soft nudes eyeshadow palette,d11
soft nudes eyeshadow palette,d14
soft nudes eyeshadow palette,d167
soft nudes eyeshadow palette,d107
soft nudes eyeshadow palette,d47
soft nudes eyeshadow palette,d206
soft nudes eyeshadow palette,d3
soft nudes eyeshadow palette,d49
soft nudes eyeshadow palette,d211
soft nudes eyeshadow palette,d1
soft nudes eyeshadow palette,d58
soft nudes eyeshadow palette,d185
soft nudes eyeshadow palette,d301
soft nudes eyeshadow palette,d62
soft nudes eyeshadow palette,d8
soft nudes eyeshadow palette,d37
soft nudes eyeshadow palette,d10
soft nudes eyeshadow palette,d335
soft nudes eyeshadow palette,d220
red nailpaints set,d689
red nailpaints set,d672
red nailpaints set,d655
red nailpaints set,d708
red nailpaints set,d228
red nailpaints set,d233
red nailpaints set,d632
red nailpaints set,d281
red nailpaints set,d224
red nailpaints set,d631
red nailpaints set,d660
red nailpaints set,d176
red nailpaints set,d448
red nailpaints set,d797
red nailpaints set,d264
red nailpaints set,d518
red nailpaints set,d37
red nailpaints set,d806
red nailpaints set,d217
red nailpaints set,d675
red nailpaints set,d326
red nailpaints set,d114
red nailpaints set,d242
red nailpaints set,d156
red nailpaints set,d158
red nailpaints set,d157
red nailpaints set,d801
red nailpaints set,d152
red nailpaints set,d153
red nailpaints set,d234
red nailpaints set,d58
red nailpaints set,d9
red nailpaints set,d39
red nailpaints set,d42
red nailpaints set,d50
red nailpaints set,d376
red nailpaints set,d120
red nailpaints set,d216
red nailpaints set,d808
red nailpaints set,d209
red nailpaints set,d232
red nailpaints set,d440
red nailpaints set,d441
red nailpaints set,d43
red nailpaints set,d155
red nailpaints set,d867
red nailpaints set,d4
red nailpaints set,d56
red nailpaints set,d65
red nailpaints set,d23
long lasting lipstick,d675
long lasting lipstick,d672
long lasting lipstick,d664
long lasting lipstick,d660
long lasting lipstick,d632
long lasting lipstick,d711
long lasting lipstick,d715
long lasting lipstick,d845
long lasting lipstick,d655
long lasting lipstick,d643
long lasting lipstick,d38
long lasting lipstick,d689
long lasting lipstick,d412
long lasting lipstick,d720
long lasting lipstick,d801
long lasting lipstick,d681
long lasting lipstick,d490
long lasting lipstick,d497
long lasting lipstick,d498
long lasting lipstick,d21
long lasting lipstick,d57
long lasting lipstick,d3
long lasting lipstick,d19
long lasting lipstick,d639
long lasting lipstick,d58
long lasting lipstick,d284
long lasting lipstick,d394
long lasting lipstick,d858
long lasting lipstick,d9
long lasting lipstick,d17
long lasting lipstick,d39
long lasting lipstick,d62
long lasting lipstick,d896
long lasting lipstick,d646
long lasting lipstick,d63
long lasting lipstick,d96
long lasting lipstick,d364
long lasting lipstick,d376
long lasting lipstick,d378
long lasting lipstick,d393
long lasting lipstick,d656
long lasting lipstick,d16
long lasting lipstick,d34
long lasting lipstick,d90
long lasting lipstick,d288
long lasting lipstick,d289
long lasting lipstick,d650
long lasting lipstick,d37
long lasting lipstick,d379
long lasting lipstick,d438
eyebrow pencil set multiple size,d899
eyebrow pencil set multiple size,d867
eyebrow pencil set multiple size,d857
eyebrow pencil set multiple size,d856
eyebrow pencil set multiple size,d895
eyebrow pencil set multiple size,d866
eyebrow pencil set multiple size,d835
eyebrow pencil set multiple size,d858
eyebrow pencil set multiple size,d896
eyebrow pencil set multiple size,d876
eyebrow pencil set multiple size,d848
eyebrow pencil set multiple size,d851
eyebrow pencil set multiple size,d326
eyebrow pencil set multiple size,d4
eyebrow pencil set multiple size,d525
eyebrow pencil set multiple size,d9
eyebrow pencil set multiple size,d42
eyebrow pencil set multiple size,d747
eyebrow pencil set multiple size,d845
eyebrow pencil set multiple size,d632
eyebrow pencil set multiple size,d713
eyebrow pencil set multiple size,d885
eyebrow pencil set multiple size,d900
eyebrow pencil set multiple size,d631
eyebrow pencil set multiple size,d660
eyebrow pencil set multiple size,d797
eyebrow pencil set multiple size,d264
eyebrow pencil set multiple size,d32
eyebrow pencil set multiple size,d390
eyebrow pencil set multiple size,d518
eyebrow pencil set multiple size,d37
eyebrow pencil set multiple size,d806
eyebrow pencil set multiple size,d217
eyebrow pencil set multiple size,d675
eyebrow pencil set multiple size,d350
eyebrow pencil set multiple size,d31
eyebrow pencil set multiple size,d292
eyebrow pencil set multiple size,d708
eyebrow pencil set multiple size,d689
eyebrow pencil set multiple size,d362
eyebrow pencil set multiple size,d750
eyebrow pencil set multiple size,d395
eyebrow pencil set multiple size,d114
eyebrow pencil set multiple size,d242
eyebrow pencil set multiple size,d156
eyebrow pencil set multiple size,d158
eyebrow pencil set multiple size,d57
eyebrow pencil set multiple size,d157
eyebrow pencil set multiple size,d801
eyebrow pencil set multiple size,d41
smudge free nailpaint,d25
smudge free nailpaint,d68
smudge free nailpaint,d49
smudge free nailpaint,d176
smudge free nailpaint,d602
smudge free nailpaint,d83
smudge free nailpaint,d144
smudge free nailpaint,d214
smudge free nailpaint,d284
smudge free nailpaint,d394
smudge free nailpaint,d492
smudge free nailpaint,d223
smudge free nailpaint,d482
smudge free nailpaint,d525
smudge free nailpaint,d364
smudge free nailpaint,d378
smudge free nailpaint,d393
smudge free nailpaint,d288
smudge free nailpaint,d289
smudge free nailpaint,d490
smudge free nailpaint,d497
smudge free nailpaint,d498
smudge free nailpaint,d379
smudge free nailpaint,d835
smudge free nailpaint,d33
smudge free nailpaint,d84
smudge free nailpaint,d105
smudge free nailpaint,d324
smudge free nailpaint,d175
smudge free nailpaint,d172
smudge free nailpaint,d225
smudge free nailpaint,d750
smudge free nailpaint,d74
smudge free nailpaint,d115
smudge free nailpaint,d462
smudge free nailpaint,d140
smudge free nailpaint,d142
smudge free nailpaint,d607
smudge free nailpaint,d60
smudge free nailpaint,d34
smudge free nailpaint,d130
smudge free nailpaint,d518
smudge free nailpaint,d594
smudge free nailpaint,d808
smudge free nailpaint,d97
smudge free nailpaint,d132
smudge free nailpaint,d138
smudge free nailpaint,d447
smudge free nailpaint,d715
smudge free nailpaint,d493
highlighting moisturizer,d172
highlighting moisturizer,d607
highlighting moisturizer,d594
highlighting moisturizer,d593
highlighting moisturizer,d619
highlighting moisturizer,d175
highlighting moisturizer,d151
highlighting moisturizer,d57
highlighting moisturizer,d140
highlighting moisturizer,d142
highlighting moisturizer,d58
highlighting moisturizer,d141
highlighting moisturizer,d164
highlighting moisturizer,d171
highlighting moisturizer,d42
highlighting moisturizer,d185
highlighting moisturizer,d121
highlighting moisturizer,d438
highlighting moisturizer,d43
highlighting moisturizer,d96
highlighting moisturizer,d602
highlighting moisturizer,d123
highlighting moisturizer,d681
highlighting moisturizer,d464
highlighting moisturizer,d623
highlighting moisturizer,d596
highlighting moisturizer,d166
highlighting moisturizer,d28
highlighting moisturizer,d655
highlighting moisturizer,d198
highlighting moisturizer,d60
highlighting moisturizer,d13
highlighting moisturizer,d201
highlighting moisturizer,d129
highlighting moisturizer,d139
highlighting moisturizer,d177
highlighting moisturizer,d191
highlighting moisturizer,d200
highlighting moisturizer,d124
highlighting moisturizer,d193
highlighting moisturizer,d115
highlighting moisturizer,d462
highlighting moisturizer,d99
highlighting moisturizer,d310
highlighting moisturizer,d421
highlighting moisturizer,d435
highlighting moisturizer,d436
smoky eyeshadow palette,d7
smoky eyeshadow palette,d65
smoky eyeshadow palette,d63
smoky eyeshadow palette,d29
smoky eyeshadow palette,d51
smoky eyeshadow palette,d41
smoky eyeshadow palette,d56
smoky eyeshadow palette,d21
smoky eyeshadow palette,d60
smoky eyeshadow palette,d27
smoky eyeshadow palette,d26
smoky eyeshadow palette,d35
smoky eyeshadow palette,d24
smoky eyeshadow palette,d46
smoky eyeshadow palette,d20
smoky eyeshadow palette,d48
smoky eyeshadow palette,d38
smoky eyeshadow palette,d17
smoky eyeshadow palette,d50
smoky eyeshadow palette,d13
smoky eyeshadow palette,d16
smoky eyeshadow palette,d11
smoky eyeshadow palette,d14
smoky eyeshadow palette,d47
smoky eyeshadow palette,d3
smoky eyeshadow palette,d19
smoky eyeshadow palette,d49
smoky eyeshadow palette,d1
smoky eyeshadow palette,d58
smoky eyeshadow palette,d185
smoky eyeshadow palette,d2
smoky eyeshadow palette,d62
smoky eyeshadow palette,d8
smoky eyeshadow palette,d37
smoky eyeshadow palette,d22
smoky eyeshadow palette,d10
smoky eyeshadow palette,d44
smoky eyeshadow palette,d148
smoky eyeshadow palette,d180
smoky eyeshadow palette,d4
smoky eyeshadow palette,d30
smoky eyeshadow palette,d57
smoky eyeshadow palette,d23
smoky eyeshadow palette,d31
smoky eyeshadow palette,d33
smoky eyeshadow palette,d197
smoky eyeshadow palette,d45
smoky eyeshadow palette,d9
smoky eyeshadow palette,d42
smoky eyeshadow palette,d201
best bridal makeup products,d29
best bridal makeup products,d76
best bridal makeup products,d509
best bridal makeup products,d133
best bridal makeup products,d362
best bridal makeup products,d90
best bridal makeup products,d74
best bridal makeup products,d395
best bridal makeup products,d352
best bridal makeup products,d361
best bridal makeup products,d27
best bridal makeup products,d26
best bridal makeup products,d15
best bridal makeup products,d92
best bridal makeup products,d127
best bridal makeup products,d125
best bridal makeup products,d117
best bridal makeup products,d163
best bridal makeup products,d168
best bridal makeup products,d73
best bridal makeup products,d77
best bridal makeup products,d78
best bridal makeup products,d154
best bridal makeup products,d156
best bridal makeup products,d158
best bridal makeup products,d212
best bridal makeup products,d121
best bridal makeup products,d157
best bridal makeup products,d159
best bridal makeup products,d437
best bridal makeup products,d152
best bridal makeup products,d153
best bridal makeup products,d120
best bridal makeup products,d193
best bridal makeup products,d89
best bridal makeup products,d108
best bridal makeup products,d71
best bridal makeup products,d313
best bridal makeup products,d67
best bridal makeup products,d41
best bridal makeup products,d144
best bridal makeup products,d214
best bridal makeup products,d895
best bridal makeup products,d17
best bridal makeup products,d96
best bridal makeup products,d16
best bridal makeup products,d123
best bridal makeup products,d203
best bridal makeup products,d632
best bridal makeup products,d45
bronzer palette for dark skin,d63
bronzer palette for dark skin,d201
bronzer palette for dark skin,d194
bronzer palette for dark skin,d72
bronzer palette for dark skin,d423
bronzer palette for dark skin,d448
bronzer palette for dark skin,d885
bronzer palette for dark skin,d171
bronzer palette for dark skin,d440
bronzer palette for dark skin,d441
bronzer palette for dark skin,d806
bronzer palette for dark skin,d190
bronzer palette for dark skin,d185
bronzer palette for dark skin,d489
bronzer palette for dark skin,d856
bronzer palette for dark skin,d35
bronzer palette for dark skin,d148
bronzer palette for dark skin,d180
bronzer palette for dark skin,d437
bronzer palette for dark skin,d21
bronzer palette for dark skin,d463
bronzer palette for dark skin,d851
bronzer palette for dark skin,d51
bronzer palette for dark skin,d197
bronzer palette for dark skin,d17
bronzer palette for dark skin,d27
bronzer palette for dark skin,d50
bronzer palette for dark skin,d26
bronzer palette for dark skin,d13
bronzer palette for dark skin,d896
bronzer palette for dark skin,d16
bronzer palette for dark skin,d125
bronzer palette for dark skin,d422
bronzer palette for dark skin,d24
bronzer palette for dark skin,d46
bronzer palette for dark skin,d377
bronzer palette for dark skin,d424
bronzer palette for dark skin,d65
bronzer palette for dark skin,d867
bronzer palette for dark skin,d464
bronzer palette for dark skin,d857
bronzer palette for dark skin,d47
bronzer palette for dark skin,d607
bronzer palette for dark skin,d848
bronzer palette for dark skin,d126
bronzer palette for dark skin,d122
bronzer palette for dark skin,d38
bronzer palette for dark skin,d53
bronzer palette for dark skin,d208
bronzer palette for dark skin,d596
light blush palette,d185
light blush palette,d148
light blush palette,d180
light blush palette,d201
light blush palette,d141
light blush palette,d164
light blush palette,d197
light blush palette,d158
light blush palette,d713
light blush palette,d801
light blush palette,d213
light blush palette,d44
light blush palette,d63
light blush palette,d35
light blush palette,d203
light blush palette,d58
light blush palette,d482
light blush palette,d466
light blush palette,d488
light blush palette,d176
light blush palette,d21
light blush palette,d84
light blush palette,d91
light blush palette,d485
light blush palette,d178
light blush palette,d144
light blush palette,d214
light blush palette,d209
light blush palette,d349
light blush palette,d899
light blush palette,d168
light blush palette,d174
light blush palette,d51
light blush palette,d17
light blush palette,d27
light blush palette,d50
light blush palette,d26
light blush palette,d13
light blush palette,d85
light blush palette,d16
light blush palette,d145
light blush palette,d146
light blush palette,d147
light blush palette,d195
light blush palette,d149
light blush palette,d67
light blush palette,d479
light blush palette,d24
light blush palette,d46
light blush palette,d65
cruelty free mascara,d525
cruelty free mascara,d518
cruelty free mascara,d49
cruelty free mascara,d493
cruelty free mascara,d499
cruelty free mascara,d84
cruelty free mascara,d176
cruelty free mascara,d105
cruelty free mascara,d496
cruelty free mascara,d225
cruelty free mascara,d750
cruelty free mascara,d502
cruelty free mascara,d140
cruelty free mascara,d142
cruelty free mascara,d223
cruelty free mascara,d60
cruelty free mascara,d492
cruelty free mascara,d500
cruelty free mascara,d551
cruelty free mascara,d34
cruelty free mascara,d130
cruelty free mascara,d808
cruelty free mascara,d715
cruelty free mascara,d527
cruelty free mascara,d25
cruelty free mascara,d68
cruelty free mascara,d75
cruelty free mascara,d535
cruelty free mascara,d166
cruelty free mascara,d439
cruelty free mascara,d509
cruelty free mascara,d175
cruelty free mascara,d115
cruelty free mascara,d602
cruelty free mascara,d462
cruelty free mascara,d32
cruelty free mascara,d482
cruelty free mascara,d490
cruelty free mascara,d497
cruelty free mascara,d498
cruelty free mascara,d491
cruelty free mascara,d501
cruelty free mascara,d172
cruelty free mascara,d18
cruelty free mascara,d74
cruelty free mascara,d607
cruelty free mascara,d201
cruelty free mascara,d594
cruelty free mascara,d97
cruelty free mascara,d132
mascara eyeliner kohl set,d319
mascara eyeliner kohl set,d301
mascara eyeliner kohl set,d290
mascara eyeliner kohl set,d294
mascara eyeliner kohl set,d335
mascara eyeliner kohl set,d518
mascara eyeliner kohl set,d292
mascara eyeliner kohl set,d313
mascara eyeliner kohl set,d312
mascara eyeliner kohl set,d376
mascara eyeliner kohl set,d347
mascara eyeliner kohl set,d496
mascara eyeliner kohl set,d502
mascara eyeliner kohl set,d405
mascara eyeliner kohl set,d324
mascara eyeliner kohl set,d492
mascara eyeliner kohl set,d500
mascara eyeliner kohl set,d9
mascara eyeliner kohl set,d348
mascara eyeliner kohl set,d551
mascara eyeliner kohl set,d632
mascara eyeliner kohl set,d493
mascara eyeliner kohl set,d499
mascara eyeliner kohl set,d867
mascara eyeliner kohl set,d527
mascara eyeliner kohl set,d368
mascara eyeliner kohl set,d525
mascara eyeliner kohl set,d631
mascara eyeliner kohl set,d660
mascara eyeliner kohl set,d535
mascara eyeliner kohl set,d797
mascara eyeliner kohl set,d509
mascara eyeliner kohl set,d264
mascara eyeliner kohl set,d358
mascara eyeliner kohl set,d390
mascara eyeliner kohl set,d37
mascara eyeliner kohl set,d806
mascara eyeliner kohl set,d217
mascara eyeliner kohl set,d370
mascara eyeliner kohl set,d675
mascara eyeliner kohl set,d326
mascara eyeliner kohl set,d391
mascara eyeliner kohl set,d412
mascara eyeliner kohl set,d689
mascara eyeliner kohl set,d362
mascara eyeliner kohl set,d395
mascara eyeliner kohl set,d490
mascara eyeliner kohl set,d497
mascara eyeliner kohl set,d498
mascara eyeliner kohl set,d114
full makeup set,d632
full makeup set,d326
full makeup set,d158
full makeup set,d660
full makeup set,d4
full makeup set,d675
full makeup set,d431
full makeup set,d460
full makeup set,d466
full makeup set,d488
full makeup set,d137
full makeup set,d489
full makeup set,d120
full makeup set,d806
full makeup set,d128
full makeup set,d90
full makeup set,d114
full makeup set,d463
full makeup set,d801
full makeup set,d689
full makeup set,d93
full makeup set,d112
full makeup set,d23
full makeup set,d106
full makeup set,d631
full makeup set,d817
full makeup set,d58
full makeup set,d797
full makeup set,d39
full makeup set,d42
full makeup set,d50
full makeup set,d264
full makeup set,d98
full makeup set,d518
full makeup set,d808
full makeup set,d525
full makeup set,d127
full makeup set,d464
full makeup set,d37
full makeup set,d209
full makeup set,d439
full makeup set,d217
full makeup set,d73
full makeup set,d77
full makeup set,d78
full makeup set,d867
full makeup set,d56
full makeup set,d100
full makeup set,d655
full makeup set,d72
